,User_id
0,47892221.0
1,51877649.0
2,48559876.0
3,48272066.0
4,39953598.0
5,48366427.0
6,50546932.0
7,55462350.0
8,51010746.0
9,50984635.0
10,51566569.0
11,26375612.0
12,43595535.0
13,30453517.0
14,30453413.0
15,42617631.0
16,43820516.0
17,54481365.0
18,63607885.0
19,19566002.0
20,51763463.0
21,35414434.0
22,37221541.0
23,38974932.0
24,37336042.0
25,59663593.0
26,62437696.0
27,33761903.0
28,58864940.0
29,58600988.0
30,60192527.0
31,57351218.0
32,38181565.0
33,42593873.0
34,53262928.0
35,63061891.0
36,37344682.0
37,71879768.0
38,61533787.0
39,39365166.0
40,46354747.0
41,65204908.0
42,47307839.0
43,37215856.0
44,49562996.0
45,62428440.0
46,61934828.0
47,37337253.0
48,45906338.0
49,48549814.0
50,37231439.0
51,53785534.0
52,47105522.0
53,60314443.0
54,67604776.0
55,36148674.0
56,42611538.0
57,63638456.0
58,38078268.0
59,61656296.0
60,45061890.0
61,67418235.0
62,39368202.0
63,69564078.0
64,67994448.0
65,62427526.0
66,67771255.0
67,38178893.0
68,72641387.0
69,49016989.0
70,38528500.0
71,63635407.0
72,62596639.0
73,63296553.0
74,56376180.0
75,60898894.0
76,69622542.0
77,62757350.0
78,69322636.0
79,49761607.0
80,67371053.0
81,65962682.0
82,22994937.0
83,37473355.0
84,51566593.0
85,30869642.0
86,69253740.0
87,52579242.0
88,68418870.0
89,48971399.0
90,57777438.0
91,46908682.0
92,46338532.0
93,47995411.0
94,48452222.0
95,62887514.0
96,45351006.0
97,69326571.0
98,40517173.0
99,46542681.0
100,44367560.0
101,57454124.0
102,58726061.0
103,59908453.0
104,35804051.0
105,19565513.0
106,31110091.0
107,62732450.0
108,32606070.0
109,52567562.0
110,38524605.0
111,42512266.0
112,43202068.0
113,22090884.0
114,35841027.0
115,54770363.0
116,37487182.0
117,37205097.0
118,42275164.0
119,37912596.0
120,46174761.0
121,19584478.0
122,63970152.0
123,19870186.0
124,46638792.0
125,65210527.0
126,56210801.0
127,39921715.0
128,43092245.0
129,42973771.0
130,42896134.0
131,48901178.0
132,42900459.0
133,42381807.0
134,62732401.0
135,48901114.0
136,42894730.0
137,61534578.0
138,61534500.0
139,45274393.0
140,42976254.0
141,67379709.0
142,61532358.0
143,61532337.0
144,42894780.0
145,42368418.0
146,61056698.0
147,42372600.0
148,33939094.0
149,45450057.0
150,50457940.0
151,35223933.0
152,21488857.0
153,61826529.0
154,39792843.0
155,19577932.0
156,30661007.0
157,78216015.0
158,48000250.0
159,65475763.0
160,60934257.0
161,24252091.0
162,68608154.0
163,43254635.0
164,44940390.0
165,70866558.0
166,69002501.0
167,70885040.0
168,67568068.0
169,70885614.0
170,70800972.0
171,53245275.0
172,61800603.0
173,23306215.0
174,19585226.0
175,58538774.0
176,52996396.0
177,42979168.0
178,23773087.0
179,65029456.0
180,50640250.0
181,42872062.0
182,45051330.0
183,40197432.0
184,50077416.0
185,37358167.0
186,37920031.0
187,43898412.0
188,21663168.0
189,61079969.0
190,45599195.0
191,35828899.0
192,56210018.0
193,37197215.0
194,105431792.0
195,55696580.0
196,54782762.0
197,29232974.0
198,38401255.0
199,47009638.0
200,62066702.0
201,35652248.0
202,55577703.0
203,58847304.0
204,41459556.0
205,59907651.0
206,46340112.0
207,24073557.0
208,51000421.0
209,19589345.0
210,69245250.0
211,44565764.0
212,43230229.0
213,58727053.0
214,43612481.0
215,69038757.0
216,67649854.0
217,68620294.0
218,39691333.0
219,35413362.0
220,36547857.0
221,45460784.0
222,45079267.0
223,20094469.0
224,48899934.0
225,87154583.0
226,19857525.0
227,22695886.0
228,38200997.0
229,66352535.0
230,61520177.0
231,72652122.0
232,59922588.0
233,70585740.0
234,51774423.0
235,38972002.0
236,40183725.0
237,43207408.0
238,21031500.0
239,41609856.0
240,51079156.0
241,48451089.0
242,47688651.0
243,43805701.0
244,32485422.0
245,55584074.0
246,35829476.0
247,49958986.0
248,34401461.0
249,61536814.0
250,42171782.0
251,65447525.0
252,52558595.0
253,41855895.0
254,38207658.0
255,32696559.0
256,46546129.0
257,20355592.0
258,51861725.0
259,48461507.0
260,45717933.0
261,58760815.0
262,58705316.0
263,40088362.0
264,27267195.0
265,23444825.0
266,23497334.0
267,24006569.0
268,24157946.0
269,27307419.0
270,27535418.0
271,29213842.0
272,36277209.0
273,37200104.0
274,38875937.0
275,39671513.0
276,41459423.0
277,53023298.0
278,54786620.0
279,55580445.0
280,56042394.0
281,57444158.0
282,57775800.0
283,57890664.0
284,59670488.0
285,66130562.0
286,67811225.0
287,75944509.0
288,78565134.0
289,51295934.0
290,53126437.0
291,76547427.0
292,70937949.0
293,76838495.0
294,46349811.0
295,21122177.0
296,20929181.0
297,22983024.0
298,37459761.0
299,69314648.0
300,81448097.0
301,39925557.0
302,67581517.0
303,65979254.0
304,53016575.0
305,37597272.0
306,55698724.0
307,24075348.0
308,78943317.0
309,83711342.0
310,63438299.0
311,49772771.0
312,57313986.0
313,45729010.0
314,71062035.0
315,39953943.0
316,46644511.0
317,80997508.0
318,63036429.0
319,73005882.0
320,46250422.0
321,58285064.0
322,43832704.0
323,60779688.0
324,69345849.0
325,48012276.0
326,78615626.0
327,66340975.0
328,54042154.0
329,45178961.0
330,37926846.0
331,60173379.0
332,47903152.0
333,19856422.0
334,33373713.0
335,84133339.0
336,29229987.0
337,62598967.0
338,62594462.0
339,59655083.0
340,62459256.0
341,62600283.0
342,62594491.0
343,65968040.0
344,26825346.0
345,32404506.0
346,54482629.0
347,45084777.0
348,51981558.0
349,54275600.0
350,65948746.0
351,58386493.0
352,47195191.0
353,48744493.0
354,43910708.0
355,37334643.0
356,64766295.0
357,71474514.0
358,54013930.0
359,66563880.0
360,61521443.0
361,43995071.0
362,21572092.0
363,20818046.0
364,49124188.0
365,39793210.0
366,39930450.0
367,66565832.0
368,57182860.0
369,85829441.0
370,47898881.0
371,62194634.0
372,62579910.0
373,73030372.0
374,49762470.0
375,24157972.0
376,69936222.0
377,63445202.0
378,86860872.0
379,63637792.0
380,87183345.0
381,46561887.0
382,45608459.0
383,30654446.0
384,60787881.0
385,42372501.0
386,46242146.0
387,57457527.0
388,56390865.0
389,24112425.0
390,41707419.0
391,43900101.0
392,51299325.0
393,43900110.0
394,53779235.0
395,39629536.0
396,27541289.0
397,21476449.0
398,58723947.0
399,61797648.0
400,63316401.0
401,66411937.0
402,85858223.0
403,71755151.0
404,63448366.0
405,20911063.0
406,87592164.0
407,42371736.0
408,56961399.0
409,58707472.0
410,56387839.0
411,42251988.0
412,59672351.0
413,24159751.0
414,58281715.0
415,51407109.0
416,50899571.0
417,31914606.0
418,62907492.0
419,52486329.0
420,22390367.0
421,44221036.0
422,43322932.0
423,49231833.0
424,20913667.0
425,39108166.0
426,38047843.0
427,55848253.0
428,80785053.0
429,46539467.0
430,36388454.0
431,40747524.0
432,32611012.0
433,19861136.0
434,19861154.0
435,73896451.0
436,43313933.0
437,62291737.0
438,60657246.0
439,89075330.0
440,72804000.0
441,79419796.0
442,51781057.0
443,62769249.0
444,52451804.0
445,64020121.0
446,71140209.0
447,61050721.0
448,89528878.0
449,86364865.0
450,20818347.0
451,58847903.0
452,86262954.0
453,45807456.0
454,52471803.0
455,49862829.0
456,50646481.0
457,23770403.0
458,46352274.0
459,56835066.0
460,35438072.0
461,48462694.0
462,40496323.0
463,42267528.0
464,19781854.0
465,77657192.0
466,31006523.0
467,69831755.0
468,46650020.0
469,78018357.0
470,57080138.0
471,62434002.0
472,40078695.0
473,58723970.0
474,65509403.0
475,67226693.0
476,42988313.0
477,38867801.0
478,43601374.0
479,40873344.0
480,52252362.0
481,36276750.0
482,31733976.0
483,86533369.0
484,62580958.0
485,53003940.0
486,62432144.0
487,60762059.0
488,57190302.0
489,37227381.0
490,39106028.0
491,26956826.0
492,46338760.0
493,24088906.0
494,52592176.0
495,26362636.0
496,53779767.0
497,44148575.0
498,91765919.0
499,94344537.0
500,64529131.0
501,60784908.0
502,76365771.0
503,95199186.0
504,75208565.0
505,34175076.0
506,22885428.0
507,54016610.0
508,59326949.0
509,32719204.0
510,57326538.0
511,46549944.0
512,26351128.0
513,27533491.0
514,47489967.0
515,71124535.0
516,44642769.0
517,50639330.0
518,46165119.0
519,57197287.0
520,40902406.0
521,45603234.0
522,95632243.0
523,43108678.0
524,39369024.0
525,49955416.0
526,24156204.0
527,44456786.0
528,73520638.0
529,38529663.0
530,39954771.0
531,40205559.0
532,23802946.0
533,42891082.0
534,89466441.0
535,56629973.0
536,63438102.0
537,26668112.0
538,37579744.0
539,39833919.0
540,51575533.0
541,61798334.0
542,63311867.0
543,96377905.0
544,70560656.0
545,95545923.0
546,50997858.0
547,57332838.0
548,48743355.0
549,86423531.0
550,97867117.0
551,49659895.0
552,58707733.0
553,69267656.0
554,40075097.0
555,49213426.0
556,22773151.0
557,47573192.0
558,24181042.0
559,27536620.0
560,48362768.0
561,45154743.0
562,39108085.0
563,42361098.0
564,93636087.0
565,70570890.0
566,38047038.0
567,51674383.0
568,24240354.0
569,37236118.0
570,52340613.0
571,41460444.0
572,52893035.0
573,50445488.0
574,44796995.0
575,30512115.0
576,59780910.0
577,40069617.0
578,52667792.0
579,67586803.0
580,86705434.0
581,76706564.0
582,73887407.0
583,73043858.0
584,71460395.0
585,68192951.0
586,83602595.0
587,95566953.0
588,69003334.0
589,69570083.0
590,69259424.0
591,40050845.0
592,61523053.0
593,52343133.0
594,52801530.0
595,20464726.0
596,51564494.0
597,23311853.0
598,40291666.0
599,39086907.0
600,84927803.0
601,57441724.0
602,62440457.0
603,46657007.0
604,66346301.0
605,64546449.0
606,69281753.0
607,83597117.0
608,94290452.0
609,85955454.0
610,83594685.0
611,55712348.0
612,100678073.0
613,67854408.0
614,50353959.0
615,94384776.0
616,68980742.0
617,56265382.0
618,58003289.0
619,39089854.0
620,30715069.0
621,42507862.0
622,101537025.0
623,71763178.0
624,95375792.0
625,103993931.0
626,51005591.0
627,52576920.0
628,53137104.0
629,56152880.0
630,83774084.0
631,54794784.0
632,56398599.0
633,61536575.0
634,100288974.0
635,41837343.0
636,103486960.0
637,53951138.0
638,65051899.0
639,67564516.0
640,49966440.0
641,62732310.0
642,54158345.0
643,36272900.0
644,68823164.0
645,69001782.0
646,24756323.0
647,36546909.0
648,35653211.0
649,70545133.0
650,85009887.0
651,39812834.0
652,84054360.0
653,59921413.0
654,105961190.0
655,47925099.0
656,47794421.0
657,60062058.0
658,52557274.0
659,51569871.0
660,58853339.0
661,90991899.0
662,24737415.0
663,76347015.0
664,30344922.0
665,36402778.0
666,26954116.0
667,40496513.0
668,72599488.0
669,46242643.0
670,24176932.0
671,26788733.0
672,45613412.0
673,79064468.0
674,102978182.0
675,103089021.0
676,55347353.0
677,95577442.0
678,62766914.0
679,106785599.0
680,57572144.0
681,94915856.0
682,62428701.0
683,61794668.0
684,38179310.0
685,56370852.0
686,110073420.0
687,109917369.0
688,109325137.0
689,27267098.0
690,26370563.0
691,102623472.0
692,81832303.0
693,109856081.0
694,109906883.0
695,107337318.0
696,58012402.0
697,24263928.0
698,54043744.0
699,78298136.0
700,76773493.0
701,60524811.0
702,39120245.0
703,46652476.0
704,46912146.0
705,59905610.0
706,21695112.0
707,54161839.0
708,58864336.0
709,48363017.0
710,53936378.0
711,51972889.0
712,67995071.0
713,68017206.0
714,35203982.0
715,72742815.0
716,62605345.0
717,41742392.0
718,35001685.0
719,44369891.0
720,40500883.0
721,30502522.0
722,54607047.0
723,61046761.0
724,22972879.0
725,69817423.0
726,75467208.0
727,33961538.0
728,40056083.0
729,49488195.0
730,55457942.0
731,103852620.0
732,101077096.0
733,40782495.0
734,53126179.0
735,73935371.0
736,24516363.0
737,98234655.0
738,39093627.0
739,44234339.0
740,47096148.0
741,81000800.0
742,27339167.0
743,94842709.0
744,62900062.0
745,35659378.0
746,42991337.0
747,66140015.0
748,63786008.0
749,48359230.0
750,98431805.0
751,73111027.0
752,66796481.0
753,53267377.0
754,52249319.0
755,63988728.0
756,68976279.0
757,89844316.0
758,67447921.0
759,61818964.0
760,111712009.0
761,23076470.0
762,51298184.0
763,112383178.0
764,108482596.0
765,106365672.0
766,103657996.0
767,58841736.0
768,58725601.0
769,58719107.0
770,58717379.0
771,46451405.0
772,47314697.0
773,101555964.0
774,57095537.0
775,40182530.0
776,113615316.0
777,24244323.0
778,73121058.0
779,47784076.0
780,60051597.0
781,111804792.0
782,35026361.0
783,30627191.0
784,41023413.0
785,22542773.0
786,94464918.0
787,86710588.0
788,49954981.0
789,51756098.0
790,41580176.0
791,23577112.0
792,53127177.0
793,37340622.0
794,47885843.0
795,21007241.0
796,67369715.0
797,113452525.0
798,39838825.0
799,51178961.0
800,40063828.0
801,55336971.0
802,71474752.0
803,21582955.0
804,84594705.0
805,23985794.0
806,53918527.0
807,66367912.0
808,38048244.0
809,52243196.0
810,39118787.0
811,69252558.0
812,41586092.0
813,49558048.0
814,56150493.0
815,50997342.0
816,84831668.0
817,98293408.0
818,39922836.0
819,45897238.0
820,51504039.0
821,71233157.0
822,50534125.0
823,58000310.0
824,38083181.0
825,48272175.0
826,43092088.0
827,109867044.0
828,68970091.0
829,36399145.0
830,39240385.0
831,35223524.0
832,61653721.0
833,86266109.0
834,65638752.0
835,65405896.0
836,58594584.0
837,81045577.0
838,59132460.0
839,77102580.0
840,37230581.0
841,54162369.0
842,57878529.0
843,103948763.0
844,38043196.0
845,88666078.0
846,117801802.0
847,115515781.0
848,53783085.0
849,41463861.0
850,38868333.0
851,50441649.0
852,47700003.0
853,21711336.0
854,22411531.0
855,20179668.0
856,39387519.0
857,76682211.0
858,112887698.0
859,98448554.0
860,86331757.0
861,71458173.0
862,88618677.0
863,32624335.0
864,26951976.0
865,101979070.0
866,39949186.0
867,35656328.0
868,71462926.0
869,39671556.0
870,51768862.0
871,51565142.0
872,48094333.0
873,51665603.0
874,22880258.0
875,24174114.0
876,55013323.0
877,37707206.0
878,72687310.0
879,76053158.0
880,48450679.0
881,56372451.0
882,84415280.0
883,70529876.0
884,119636563.0
885,120722757.0
886,117273276.0
887,120846128.0
888,98318918.0
889,65493223.0
890,120863379.0
891,76390296.0
892,19870570.0
893,52568143.0
894,106966726.0
895,21216385.0
896,105961109.0
897,91348988.0
898,106308157.0
899,35197338.0
900,117407371.0
901,53363976.0
902,120588555.0
903,91030732.0
904,79551890.0
905,113122417.0
906,86776448.0
907,100774107.0
908,109460871.0
909,67583536.0
910,113579734.0
911,39958068.0
912,57307489.0
913,19660089.0
914,53011711.0
915,52462442.0
916,87327449.0
917,89438420.0
918,119615429.0
919,123205080.0
920,123060488.0
921,123067597.0
922,123697642.0
923,56160210.0
924,124232588.0
925,108455560.0
926,21802695.0
927,125570675.0
928,43813574.0
929,37359801.0
930,45711245.0
931,117264895.0
932,52353071.0
933,123132229.0
934,123153087.0
935,95961588.0
936,54458613.0
937,121131044.0
938,71472485.0
939,126570856.0
940,22296962.0
941,51298848.0
942,55698736.0
943,109377038.0
944,108857096.0
945,126643019.0
946,53038972.0
947,126822667.0
948,113022396.0
949,127866694.0
950,127269920.0
951,129212373.0
952,64983860.0
953,48353572.0
954,98605149.0
955,128383549.0
956,66380827.0
957,25275920.0
958,117869097.0
959,71049787.0
960,70858041.0
961,113480200.0
962,43334633.0
963,108498881.0
964,73866779.0
965,21007253.0
966,27218937.0
967,123045994.0
968,124379240.0
969,127917290.0
970,128481550.0
971,126711661.0
972,54042279.0
973,28719878.0
974,56368859.0
975,55600124.0
976,38178229.0
977,39798454.0
978,62723697.0
979,46079828.0
980,32404305.0
981,34199012.0
982,49213606.0
983,48188229.0
984,69829137.0
985,120675915.0
986,132016583.0
987,60308222.0
988,132002333.0
989,133881908.0
990,132022208.0
991,109813126.0
992,109239672.0
993,103593642.0
994,70586794.0
995,116580759.0
996,68829869.0
997,77728482.0
998,40071054.0
999,76698606.0
1000,42249264.0
1001,63788746.0
1002,130413692.0
1003,130778882.0
1004,130964131.0
1005,71854531.0
1006,84996489.0
1007,97437112.0
1008,124447389.0
1009,108339090.0
1010,120598583.0
1011,121282229.0
1012,73132947.0
1013,64543811.0
1014,131743764.0
1015,128399980.0
1016,42999573.0
1017,123590667.0
1018,110385712.0
1019,42871132.0
1020,115049971.0
1021,44667751.0
1022,33379611.0
1023,38892533.0
1024,57067989.0
1025,91015370.0
1026,102792017.0
1027,58509173.0
1028,42475585.0
1029,138065162.0
1030,135939633.0
1031,106279154.0
1032,95660344.0
1033,108366886.0
1034,113000474.0
1035,108366957.0
1036,117404746.0
1037,138616844.0
1038,139160979.0
1039,101004712.0
1040,130355440.0
1041,139112174.0
1042,125372342.0
1043,65235292.0
1044,51759807.0
1045,21483627.0
1046,42497350.0
1047,54599834.0
1048,48463522.0
1049,49867283.0
1050,117851724.0
1051,116103462.0
1052,41464332.0
1053,108369188.0
1054,124338308.0
1055,73132060.0
1056,138127512.0
1057,138065459.0
1058,132090048.0
1059,71487191.0
1060,65201974.0
1061,67561972.0
1062,67801170.0
1063,68990562.0
1064,135282730.0
1065,71099276.0
1066,85928128.0
1067,97501148.0
1068,43512077.0
1069,123676264.0
1070,102224911.0
1071,50896780.0
1072,131983656.0
1073,40520828.0
1074,97347228.0
1075,123722745.0
1076,142568777.0
1077,52895106.0
1078,142423008.0
1079,66562577.0
1080,36410782.0
1081,56631735.0
1082,39837414.0
1083,42382724.0
1084,66347163.0
1085,40511927.0
1086,94296834.0
1087,36711773.0
1088,69020903.0
1089,66590892.0
1090,135296919.0
1091,132609577.0
1092,40655930.0
1093,134059576.0
1094,105456061.0
1095,21659330.0
1096,136058101.0
1097,135163657.0
1098,139086875.0
1099,104860188.0
1100,103005112.0
1101,125358179.0
1102,99697649.0
1103,106453276.0
1104,139692791.0
1105,60763282.0
1106,138816089.0
1107,108339068.0
1108,95267412.0
1109,109437017.0
1110,142242089.0
1111,52240309.0
1112,145273083.0
1113,143606204.0
1114,142456820.0
1115,123785153.0
1116,53245589.0
1117,76325949.0
1118,40500236.0
1119,52566410.0
1120,131496495.0
1121,142287212.0
1122,48909443.0
1123,142352094.0
1124,142215845.0
1125,45605452.0
1126,58707390.0
1127,71406708.0
1128,120578718.0
1129,67383130.0
1130,127329438.0
1131,50979796.0
1132,40745401.0
1133,64763392.0
1134,38971347.0
1135,53680612.0
1136,71810730.0
1137,146049742.0
1138,132259204.0
1139,132259250.0
1140,132261282.0
1141,149654577.0
1142,149560968.0
1143,34177186.0
1144,44384565.0
1145,56731950.0
1146,53260165.0
1147,115687763.0
1148,81352592.0
1149,69305661.0
1150,35206251.0
1151,85874473.0
1152,26368934.0
1153,89483650.0
1154,127956426.0
1155,30629238.0
1156,150712918.0
1157,35411522.0
1158,117914234.0
1159,128441654.0
1160,60783756.0
1161,110398416.0
1162,75165514.0
1163,128938466.0
1164,63475727.0
1165,56046443.0
1166,150860884.0
1167,95299789.0
1168,150685689.0
1169,75514213.0
1170,48357151.0
1171,132113417.0
1172,103532796.0
1173,28379593.0
1174,89015358.0
1175,56155209.0
1176,59459109.0
1177,117899584.0
1178,72705637.0
1179,139097474.0
1180,21665706.0
1181,144012857.0
1182,51896777.0
1183,40051817.0
1184,95581483.0
1185,61521521.0
1186,86332536.0
1187,54059845.0
1188,111769006.0
1189,57332881.0
1190,127210286.0
1191,44235643.0
1192,68990831.0
1193,62189600.0
1194,81879369.0
1195,112814398.0
1196,80698850.0
1197,61539258.0
1198,54601706.0
1199,66375695.0
1200,47571617.0
1201,58856152.0
1202,52684864.0
1203,77774275.0
1204,94814549.0
1205,54482309.0
1206,135201721.0
1207,48562515.0
1208,107407608.0
1209,54401822.0
1210,129901312.0
1211,109469872.0
1212,141958250.0
1213,105466250.0
1214,31069679.0
1215,103934640.0
1216,81801821.0
1217,60054369.0
1218,38078161.0
1219,109184134.0
1220,57891703.0
1221,49862490.0
1222,137726390.0
1223,135285166.0
1224,138749658.0
1225,107260385.0
1226,70602180.0
1227,89457995.0
1228,93340843.0
1229,60639357.0
1230,120198643.0
1231,42592527.0
1232,136638986.0
1233,67367747.0
1234,139141992.0
1235,130419606.0
1236,146877465.0
1237,66391288.0
1238,29208421.0
1239,32484430.0
1240,140337272.0
1241,148577460.0
1242,155236914.0
1243,154503029.0
1244,153564385.0
1245,143550895.0
1246,136780093.0
1247,141859908.0
1248,138648957.0
1249,136044422.0
1250,89520579.0
1251,136755252.0
1252,149999937.0
1253,138747883.0
1254,138572044.0
1255,135234072.0
1256,150790276.0
1257,98731995.0
1258,75572819.0
1259,65978679.0
1260,150664628.0
1261,157271153.0
1262,155088718.0
1263,153998317.0
1264,154056610.0
1265,150806131.0
1266,53263035.0
1267,60454061.0
1268,49754202.0
1269,52672271.0
1270,144351905.0
1271,41341255.0
1272,56511832.0
1273,102673950.0
1274,141621836.0
1275,155340222.0
1276,100576477.0
1277,43317013.0
1278,50347117.0
1279,56261631.0
1280,127939126.0
1281,157229612.0
1282,150682554.0
1283,152951723.0
1284,37203559.0
1285,32391840.0
1286,61930024.0
1287,59668112.0
1288,150684948.0
1289,158225621.0
1290,45728637.0
1291,45904531.0
1292,88034352.0
1293,158438220.0
1294,156299879.0
1295,98818254.0
1296,143171897.0
1297,58044282.0
1298,58730630.0
1299,128449249.0
1300,49850030.0
1301,155092413.0
1302,126712126.0
1303,123067922.0
1304,99696097.0
1305,150798249.0
1306,71458783.0
1307,76672853.0
1308,158035274.0
1309,160783245.0
1310,39834887.0
1311,160430299.0
1312,39850474.0
1313,142440672.0
1314,161735362.0
1315,155922500.0
1316,160379800.0
1317,160833354.0
1318,91648575.0
1319,83657107.0
1320,157735720.0
1321,66605478.0
1322,161409434.0
1323,62899537.0
1324,146094143.0
1325,24254845.0
1326,141588459.0
1327,40050464.0
1328,38045021.0
1329,24684304.0
1330,24667681.0
1331,24253696.0
1332,158927801.0
1333,158328526.0
1334,123221202.0
1335,146789968.0
1336,139360748.0
1337,145938207.0
1338,146244076.0
1339,60908880.0
1340,34196509.0
1341,145201440.0
1342,148027622.0
1343,160367962.0
1344,160352823.0
1345,160021539.0
1346,100160939.0
1347,159372629.0
1348,157216610.0
1349,146566091.0
1350,132004642.0
1351,136301662.0
1352,143847455.0
1353,43905388.0
1354,158256473.0
1355,145306821.0
1356,159356834.0
1357,138005194.0
1358,64723979.0
1359,158200147.0
1360,19577567.0
1361,150671730.0
1362,33736624.0
1363,54044582.0
1364,98195649.0
1365,62745674.0
1366,114644016.0
1367,103826626.0
1368,83046533.0
1369,69566350.0
1370,64534752.0
1371,90625793.0
1372,89551196.0
1373,72983413.0
1374,64526650.0
1375,95952437.0
1376,64718936.0
1377,111789578.0
1378,69336458.0
1379,67766929.0
1380,123735345.0
1381,63785947.0
1382,81531789.0
1383,68021533.0
1384,75516130.0
1385,95591589.0
1386,65436854.0
1387,100160093.0
1388,75637242.0
1389,100269328.0
1390,71520441.0
1391,67588215.0
1392,79046005.0
1393,81856742.0
1394,111283278.0
1395,127766577.0
1396,69810679.0
1397,91672933.0
1398,102655988.0
1399,101090614.0
1400,75955692.0
1401,114156628.0
1402,95581797.0
1403,83614117.0
1404,64531261.0
1405,97828072.0
1406,67818412.0
1407,75474037.0
1408,132070687.0
1409,52236579.0
1410,67988686.0
1411,24252907.0
1412,64507717.0
1413,20179742.0
1414,160874724.0
1415,108786808.0
1416,61390939.0
1417,34195213.0
1418,121874848.0
1419,45802253.0
1420,73912827.0
1421,155816883.0
1422,37565833.0
1423,152684760.0
1424,129163859.0
1425,124233293.0
1426,126820251.0
1427,147603514.0
1428,138107658.0
1429,98178218.0
1430,135857769.0
1431,146619691.0
1432,41458570.0
1433,36662819.0
1434,86797220.0
1435,22019433.0
1436,135081813.0
1437,135032217.0
1438,99223231.0
1439,53779648.0
1440,143553503.0
1441,56149229.0
1442,160496676.0
1443,83656224.0
1444,134029260.0
1445,60171730.0
1446,122342975.0
1447,54160019.0
1448,58841787.0
1449,61839445.0
1450,78654447.0
1451,64502803.0
1452,78615009.0
1453,85944341.0
1454,108956254.0
1455,103439100.0
1456,143913095.0
1457,161770988.0
1458,73861432.0
1459,44959556.0
1460,121336806.0
1461,156236670.0
1462,108425483.0
1463,121867420.0
1464,112955177.0
1465,145925510.0
1466,149981664.0
1467,107319334.0
1468,98293776.0
1469,116743160.0
1470,98424531.0
1471,81476904.0
1472,107231059.0
1473,102599040.0
1474,97414692.0
1475,87121875.0
1476,81518840.0
1477,126745792.0
1478,103846505.0
1479,112210975.0
1480,106380578.0
1481,34195213.0
1482,20179742.0
1483,-229523.0
1484,47096889.0
1485,-211582.0
1486,43728717.0
1487,19770478.0
1488,61827872.0
1489,7556011.0
1490,-204282.0
1491,35000249.0
1492,-213735.0
1493,72726692.0
1494,73979672.0
1495,72617773.0
1496,73533732.0
1497,-231155.0
1498,73057708.0
1499,73131737.0
1500,62765583.0
1501,95627629.0
1502,16355674.0
1503,-238165.0
1504,-250994.0
1505,-238688.0
1506,-225871.0
1507,-249399.0
1508,35027369.0
1509,52584577.0
1510,-200025.0
1511,-201211.0
1512,58706196.0
1513,16543414.0
1514,32596495.0
1515,41049360.0
1516,49575081.0
1517,-210217.0
1518,97107108.0
1519,74388046.0
1520,74386744.0
1521,103548339.0
1522,-208641.0
1523,119697681.0
1524,96408263.0
1525,-243356.0
1526,-236208.0
1527,-207576.0
1528,17592886.0
1529,-243184.0
1530,15523174.0
1531,63802937.0
1532,22295233.0
1533,80131102.0
1534,67617369.0
1535,63801076.0
1536,15158060.0
1537,16762302.0
1538,-235948.0
1539,53165423.0
1540,-237214.0
1541,83640734.0
1542,18716658.0
1543,18793008.0
1544,19990177.0
1545,-227108.0
1546,-201249.0
1547,51987067.0
1548,-239282.0
1549,-238288.0
1550,3062770.0
1551,85874759.0
1552,-251344.0
1553,-229721.0
1554,42260554.0
1555,37944763.0
1556,118408745.0
1557,15451450.0
1558,67590619.0
1559,10463147.0
1560,23361195.0
1561,19780637.0
1562,53797399.0
1563,15300183.0
1564,-247100.0
1565,-226920.0
1566,16176749.0
1567,-242301.0
1568,19297019.0
1569,-228975.0
1570,84201125.0
1571,-204601.0
1572,-226408.0
1573,-252559.0
1574,46354637.0
1575,-216571.0
1576,86336104.0
1577,89526717.0
1578,103145896.0
1579,42982132.0
1580,37610437.0
1581,118548361.0
1582,-208482.0
1583,81537553.0
1584,-216325.0
1585,-248747.0
1586,91315839.0
1587,-229756.0
1588,-205029.0
1589,-225947.0
1590,60906827.0
1591,48455675.0
1592,-230957.0
1593,55243367.0
1594,-215009.0
1595,17462954.0
1596,55370105.0
1597,-243503.0
1598,-243235.0
1599,-204599.0
1600,-222582.0
1601,-202608.0
1602,47579740.0
1603,-211725.0
1604,-202278.0
1605,-209577.0
1606,43009419.0
1607,46084922.0
1608,-214454.0
1609,24170877.0
1610,-215780.0
1611,68834630.0
1612,-209186.0
1613,-202654.0
1614,-211581.0
1615,-252230.0
1616,-210101.0
1617,-223555.0
1618,23816330.0
1619,85956527.0
1620,56641876.0
1621,-249039.0
1622,-250730.0
1623,84573399.0
1624,53248841.0
1625,-212058.0
1626,66842281.0
1627,25279405.0
1628,-233412.0
1629,-218572.0
1630,-216188.0
1631,21881527.0
1632,98219955.0
1633,-220598.0
1634,-239886.0
1635,-239393.0
1636,38971729.0
1637,-234003.0
1638,124377129.0
1639,114788201.0
1640,103487131.0
1641,-250893.0
1642,-206847.0
1643,23891096.0
1644,64593879.0
1645,17407869.0
1646,-232758.0
1647,17412796.0
1648,19656044.0
1649,51553472.0
1650,50354571.0
1651,-242598.0
1652,-206967.0
1653,46162896.0
1654,55578895.0
1655,37491733.0
1656,104349.0
1657,-221323.0
1658,26375670.0
1659,51096823.0
1660,-217863.0
1661,-207936.0
1662,38179421.0
1663,-244022.0
1664,51484820.0
1665,98338303.0
1666,30438992.0
1667,-247604.0
1668,-217644.0
1669,-200698.0
1670,-240829.0
1671,-222024.0
1672,-249205.0
1673,-243025.0
1674,-206020.0
1675,-238298.0
1676,-249981.0
1677,-249981.0
1678,35232265.0
1679,-203143.0
1680,-202305.0
1681,84639528.0
1682,17862820.0
1683,-239085.0
1684,-210286.0
1685,-232918.0
1686,-228299.0
1687,54490008.0
1688,84161578.0
1689,53926430.0
1690,-203483.0
1691,-253071.0
1692,124385467.0
1693,104798550.0
1694,101572170.0
1695,-247806.0
1696,-220531.0
1697,32626312.0
1698,63797619.0
1699,97979741.0
1700,-253966.0
1701,-253136.0
1702,-211885.0
1703,-209894.0
1704,-210400.0
1705,7815456.0
1706,-213101.0
1707,-249685.0
1708,60526722.0
1709,15337755.0
1710,12206607.0
1711,61394761.0
1712,15994709.0
1713,60531249.0
1714,-239393.0
1715,-211115.0
1716,-206196.0
1717,-243303.0
1718,57321531.0
1719,-220061.0
1720,-243838.0
1721,-213067.0
1722,64858477.0
1723,-244149.0
1724,50363711.0
1725,-213111.0
1726,-225677.0
1727,-251959.0
1728,54055095.0
1729,-200130.0
1730,97765588.0
1731,20417052.0
1732,47579740.0
1733,117958151.0
1734,62767095.0
1735,54019744.0
1736,51777477.0
1737,-253219.0
1738,55012899.0
1739,-214961.0
1740,51484820.0
1741,-200118.0
1742,57450355.0
1743,76441216.0
1744,-244150.0
1745,-243883.0
1746,-248243.0
1747,66344373.0
1748,63654913.0
1749,-253864.0
1750,-213672.0
1751,52564611.0
1752,17410479.0
1753,-248008.0
1754,23787626.0
1755,23657365.0
1756,13910871.0
1757,24082431.0
1758,-201869.0
1759,99805137.0
1760,73946475.0
1761,71203811.0
1762,43605464.0
1763,60897535.0
1764,84460981.0
1765,-249330.0
1766,53382900.0
1767,-213118.0
1768,91342096.0
1769,-207865.0
1770,-215623.0
1771,-210808.0
1772,63472050.0
1773,-244085.0
1774,91335838.0
1775,84950741.0
1776,19863071.0
1777,-215675.0
1778,50993036.0
1779,-208109.0
1780,-218573.0
1781,121364818.0
1782,-252631.0
1783,-201264.0
1784,114066677.0
1785,125438157.0
1786,126858719.0
1787,123260480.0
1788,108439199.0
1789,-204527.0
1790,132704750.0
1791,120798314.0
1792,127376953.0
1793,120795415.0
1794,134120107.0
1795,-204860.0
1796,41386322.0
1797,48563193.0
1798,48660446.0
1799,-240092.0
1800,20518354.0
1801,131544076.0
1802,76012460.0
1803,-237690.0
1804,139130856.0
1805,137948491.0
1806,137971946.0
1807,136042222.0
1808,43609976.0
1809,-236208.0
1810,-207576.0
1811,74054836.0
1812,100596571.0
1813,100700910.0
1814,100700972.0
1815,100700987.0
1816,100719515.0
1817,57927172.0
1818,139184717.0
1819,18534872.0
1820,65630931.0
1821,22210173.0
1822,22689415.0
1823,26741982.0
1824,27547177.0
1825,40786071.0
1826,46354403.0
1827,61827872.0
1828,130457297.0
1829,130473342.0
1830,134753430.0
1831,136779171.0
1832,139269971.0
1833,139235444.0
1834,77699464.0
1835,107850415.0
1836,145925802.0
1837,109567003.0
1838,-213587.0
1839,148124585.0
1840,124835492.0
1841,139252028.0
1842,-247097.0
1843,150753070.0
1844,56059439.0
1845,-246125.0
1846,54019744.0
1847,54019744.0
1848,150920039.0
1849,118863883.0
1850,157297449.0
1851,-252583.0
1852,-252150.0
1853,-222428.0
1854,-218440.0
1855,-218324.0
1856,-211615.0
1857,148087058.0
1858,121974059.0
1859,-252192.0
1860,-245122.0
1861,-218723.0
1862,159545473.0
1863,160485855.0
1864,147889021.0
1865,161518508.0
1866,160738050.0
1867,-254651.0
1868,-246735.0
1869,160396628.0
1870,16116273.0
1871,149489645.0
1872,163519004.0
1873,165456783.0
1874,166027280.0
1875,118556319.0
1876,157239385.0
1877,15774651.0
1878,125438157.0
1879,132325887.0
1880,157241426.0
1881,56388615.0
1882,54501173.0
1883,53686297.0
1884,72682578.0
1885,71833620.0
1886,123692900.0
1887,129152832.0
1888,53687795.0
1889,53136999.0
1890,53928921.0
1891,62440489.0
1892,52907718.0
1893,53001117.0
1894,71163241.0
1895,54894613.0
1896,55847966.0
1897,58846402.0
1898,53043571.0
1899,55350635.0
1900,110619244.0
1901,83344126.0
1902,10936300.0
1903,39258979.0
1904,106370681.0
1905,17334077.0
1906,-256290.0
1907,-258594.0
1908,-259750.0
1909,-262049.0
1910,-262765.0
1911,-263816.0
1912,-264990.0
1913,19116722.0
1914,15442025.0
1915,-267948.0
1916,43216042.0
1917,28737600.0
1918,38859792.0
1919,57561537.0
1920,-262979.0
1921,42520662.0
1922,39715928.0
1923,26387344.0
1924,16207643.0
1925,126247497.0
1926,100287963.0
1927,-268863.0
1928,43091324.0
1929,111088887.0
1930,89562500.0
1931,124245234.0
1932,71825493.0
1933,116487582.0
1934,86028464.0
1935,106513000.0
1936,104371778.0
1937,109942887.0
1938,109546558.0
1939,101610109.0
1940,111829657.0
1941,107477597.0
1942,104371791.0
1943,113726946.0
1944,96995428.0
1945,113672112.0
1946,112856187.0
1947,106767231.0
1948,113070389.0
1949,112609637.0
1950,118025175.0
1951,121378398.0
1952,104436551.0
1953,94374269.0
1954,117467851.0
1955,15809064.0
1956,47315781.0
1957,18069100.0
1958,-257112.0
1959,121977860.0
1960,-265466.0
1961,113687818.0
1962,15535524.0
1963,83344141.0
1964,-263471.0
1965,18074221.0
1966,71484881.0
1967,105504728.0
1968,98287087.0
1969,21512713.0
1970,121259853.0
1971,54606921.0
1972,-255148.0
1973,18075387.0
1974,18075831.0
1975,18078082.0
1976,18075363.0
1977,18074200.0
1978,18075866.0
1979,78639432.0
1980,66208903.0
1981,76487147.0
1982,39712184.0
1983,34453431.0
1984,112398611.0
1985,78711074.0
1986,23243995.0
1987,15595574.0
1988,-255954.0
1989,49576480.0
1990,18072397.0
1991,51771306.0
1992,-256643.0
1993,16846355.0
1994,-257463.0
1995,54051192.0
1996,90664185.0
1997,18610356.0
1998,60189438.0
1999,15415880.0
2000,110549759.0
2001,-258262.0
2002,10469416.0
2003,112326224.0
2004,109436485.0
2005,23633185.0
2006,16739202.0
2007,27541665.0
2008,110589663.0
2009,65694127.0
2010,80641299.0
2011,30640685.0
2012,53381715.0
2013,96161415.0
2014,-263212.0
2015,61108136.0
2016,39843042.0
2017,16234469.0
2018,84800444.0
2019,67801939.0
2020,49585480.0
2021,58730147.0
2022,30440228.0
2023,58862303.0
2024,122855350.0
2025,69341121.0
2026,-268462.0
2027,87645257.0
2028,86873412.0
2029,66591258.0
2030,81509639.0
2031,48186097.0
2032,42618130.0
2033,101545209.0
2034,-268612.0
2035,45826113.0
2036,15739367.0
2037,38096975.0
2038,24016071.0
2039,16065159.0
2040,98340425.0
2041,61827670.0
2042,16229883.0
2043,42792544.0
2044,15950198.0
2045,57878508.0
2046,76384836.0
2047,41033159.0
2048,21661537.0
2049,15960074.0
2050,51207375.0
2051,56403180.0
2052,49773444.0
2053,15813709.0
2054,60196908.0
2055,42386103.0
2056,18185817.0
2057,62904892.0
2058,69644797.0
2059,-268372.0
2060,24006615.0
2061,-258872.0
2062,-262079.0
2063,19870065.0
2064,56270631.0
2065,78231012.0
2066,17398508.0
2067,60322575.0
2068,107416596.0
2069,-264451.0
2070,12712082.0
2071,15289514.0
2072,-265141.0
2073,-258834.0
2074,-260670.0
2075,94217645.0
2076,44385749.0
2077,22888876.0
2078,-256946.0
2079,81415878.0
2080,-268828.0
2081,123853564.0
2082,121213088.0
2083,36558072.0
2084,119335227.0
2085,124422774.0
2086,-263770.0
2087,132142287.0
2088,125486661.0
2089,123117021.0
2090,125053518.0
2091,127467100.0
2092,101119187.0
2093,126835872.0
2094,128009720.0
2095,104448922.0
2096,97419315.0
2097,14796432.0
2098,128487794.0
2099,128689144.0
2100,126681415.0
2101,15205302.0
2102,124951075.0
2103,91396953.0
2104,126977325.0
2105,125437905.0
2106,134730857.0
2107,135161136.0
2108,134733609.0
2109,134716880.0
2110,134154010.0
2111,134145661.0
2112,134715622.0
2113,126374826.0
2114,126370394.0
2115,126373656.0
2116,136116654.0
2117,118562920.0
2118,24265002.0
2119,135320337.0
2120,132848852.0
2121,122802970.0
2122,128685326.0
2123,56066324.0
2124,136714426.0
2125,84838819.0
2126,57330265.0
2127,139363219.0
2128,123174195.0
2129,-268103.0
2130,136696579.0
2131,56630337.0
2132,141786169.0
2133,86121177.0
2134,89490017.0
2135,141753475.0
2136,143172894.0
2137,65287089.0
2138,-265690.0
2139,124865259.0
2140,57483489.0
2141,-267466.0
2142,107456528.0
2143,61434881.0
2144,143741183.0
2145,84091024.0
2146,66372768.0
2147,-263643.0
2148,94883974.0
2149,103081202.0
2150,142443912.0
2151,120845366.0
2152,103528685.0
2153,108571931.0
2154,125156705.0
2155,105510589.0
2156,147996692.0
2157,148009818.0
2158,148059506.0
2159,132114841.0
2160,140288900.0
2161,43836310.0
2162,149329330.0
2163,60079067.0
2164,106552464.0
2165,149329330.0
2166,54051875.0
2167,61079429.0
2168,65442913.0
2169,136669416.0
2170,16408987.0
2171,146713699.0
2172,22895863.0
2173,153719439.0
2174,-260748.0
2175,132815813.0
2176,114182103.0
2177,152936665.0
2178,137250734.0
2179,72365025.0
2180,154180826.0
2181,155148204.0
2182,70850695.0
2183,146006979.0
2184,119685443.0
2185,70850695.0
2186,119685443.0
2187,58589031.0
2188,76838557.0
2189,157935950.0
2190,119675828.0
2191,82364662.0
2192,91063653.0
2193,157882221.0
2194,139369507.0
2195,158564893.0
2196,158874932.0
2197,139363200.0
2198,158878407.0
2199,58266015.0
2200,158397584.0
2201,159563620.0
2202,160448290.0
2203,159421156.0
2204,70891383.0
2205,153583483.0
2206,158243652.0
2207,15625165.0
2208,152047662.0
2209,87216412.0
2210,155342163.0
2211,94374269.0
2212,155781337.0
2213,158917649.0
2214,158933757.0
2215,111011760.0
2216,160279169.0
2217,109898894.0
2218,161110380.0
2219,162730701.0
2220,161330838.0
2221,106877241.0
2222,156455690.0
2223,162809752.0
2224,160993771.0
2225,117406580.0
2226,55476927.0
2227,162829629.0
2228,163344506.0
2229,159098403.0
2230,159146606.0
2231,154277897.0
2232,24001745.0
2233,164889991.0
2234,-268101.0
2235,97427033.0
2236,127972720.0
2237,162631801.0
2238,164873459.0
2239,136881431.0
2240,63317640.0
2241,56155731.0
2242,-265901.0
2243,165098112.0
2244,166376161.0
2245,165588532.0
2246,143172894.0
2247,97064885.0
