20220420_SPO_NB_frango_W16,20220420_SPO_NB_suinos_W16,20220420_SPO_NB_embutidos_W16,20220420_SPO_NB_carnevermelha_W16,20220420_SPO_NB_peixesefrutosdomar_W16
118575104.0,118575104.0,118575104.0,118575104.0,118575104.0
138596353.0,138596353.0,138596353.0,138596353.0,138596353.0
142233601.0,142233601.0,133222403.0,142233601.0,142233601.0
133222403.0,133222403.0,139956233.0,133222403.0,133222403.0
139956233.0,139956233.0,138539018.0,139956233.0,138539018.0
138539018.0,138539018.0,143589386.0,138539018.0,143589386.0
143589386.0,143589386.0,138616844.0,143589386.0,138616844.0
138616844.0,138616844.0,143622157.0,138616844.0,143622157.0
143622157.0,143622157.0,146026507.0,143622157.0,146026507.0
146026507.0,146026507.0,138534931.0,146026507.0,138534931.0
138534931.0,138534931.0,145911828.0,138534931.0,145911828.0
145911828.0,145911828.0,143024149.0,145911828.0,143024149.0
143024149.0,143024149.0,135184415.0,143024149.0,135184415.0
135184415.0,135184415.0,143044646.0,135184415.0,143044646.0
143044646.0,143044646.0,143523878.0,143044646.0,142196784.0
142196784.0,142196784.0,142196784.0,143523878.0,141705266.0
141705266.0,141688883.0,141705266.0,142196784.0,141688883.0
141688883.0,143548468.0,141688883.0,141705266.0,143548468.0
145371189.0,145313846.0,143548468.0,141688883.0,145371189.0
145313846.0,143032375.0,145371189.0,143548468.0,145313846.0
143032375.0,143147071.0,145313846.0,145371189.0,143032375.0
48451644.0,145104959.0,143032375.0,145313846.0,48451644.0
143147071.0,138612802.0,48451644.0,143032375.0,143147071.0
145104959.0,47112268.0,143147071.0,48451644.0,145104959.0
138612802.0,139829325.0,145104959.0,143147071.0,138612802.0
47112268.0,139251793.0,138612802.0,145104959.0,47112268.0
139829325.0,131563601.0,47112268.0,138612802.0,139829325.0
139251793.0,142430290.0,139829325.0,47112268.0,139251793.0
131563601.0,144691290.0,139251793.0,139829325.0,131563601.0
142430290.0,146128990.0,131563601.0,139251793.0,142430290.0
144691290.0,141676644.0,144691290.0,131563601.0,144691290.0
146128990.0,145211501.0,146128990.0,142430290.0,146128990.0
141676644.0,142450804.0,141676644.0,144691290.0,141676644.0
145211501.0,139931768.0,145211501.0,146128990.0,145211501.0
142450804.0,145399933.0,142450804.0,141676644.0,142450804.0
139931768.0,143650949.0,139931768.0,145211501.0,139931768.0
145399933.0,143904902.0,145399933.0,142450804.0,145399933.0
143650949.0,145473672.0,143650949.0,139931768.0,143650949.0
143904902.0,123351189.0,143904902.0,145399933.0,143904902.0
145473672.0,142246039.0,145473672.0,143650949.0,145473672.0
123351189.0,143171735.0,141787277.0,143904902.0,141787277.0
142246039.0,145154200.0,123351189.0,145473672.0,123351189.0
143171735.0,145285278.0,142246039.0,141787277.0,142246039.0
145154200.0,145334430.0,143171735.0,123351189.0,143171735.0
145285278.0,71479456.0,145154200.0,142246039.0,145154200.0
145334430.0,142426276.0,145285278.0,145154200.0,145285278.0
71479456.0,142233767.0,145334430.0,145285278.0,145334430.0
142233767.0,117260456.0,71479456.0,145334430.0,71479456.0
117260456.0,139956394.0,142426276.0,71479456.0,142426276.0
139956394.0,140329131.0,142233767.0,142426276.0,142233767.0
140329131.0,129130667.0,117260456.0,142233767.0,117260456.0
129130667.0,142405810.0,139956394.0,117260456.0,139956394.0
142405810.0,145207477.0,140329131.0,139956394.0,140329131.0
145207477.0,125919417.0,129130667.0,140329131.0,129130667.0
146063541.0,141750472.0,142405810.0,129130667.0,142405810.0
141750472.0,145334486.0,145207477.0,142405810.0,145207477.0
145334486.0,134697181.0,146063541.0,145207477.0,146063541.0
129155294.0,129155294.0,125919417.0,146063541.0,125919417.0
144072928.0,144072928.0,145334486.0,125919417.0,141750472.0
139743458.0,139743458.0,134697181.0,141750472.0,145334486.0
145297637.0,145297637.0,129155294.0,145334486.0,129155294.0
143085802.0,143085802.0,144072928.0,134697181.0,144072928.0
145285358.0,145285358.0,139743458.0,129155294.0,139743458.0
131760368.0,131760368.0,145297637.0,144072928.0,145297637.0
140349690.0,140349690.0,143085802.0,139743458.0,143085802.0
142434559.0,142434559.0,145285358.0,145297637.0,145285358.0
136519937.0,136519937.0,131760368.0,143085802.0,131760368.0
110928139.0,110928139.0,140349690.0,145285358.0,126230769.0
145142029.0,145142029.0,142434559.0,131760368.0,140349690.0
138191125.0,138191125.0,136519937.0,126230769.0,142434559.0
136782102.0,136782102.0,110928139.0,140349690.0,136519937.0
143921431.0,143921431.0,145142029.0,142434559.0,110928139.0
143638808.0,143638808.0,138191125.0,136519937.0,145142029.0
130486552.0,130486552.0,136782102.0,110928139.0,138191125.0
142225685.0,142225685.0,143921431.0,145142029.0,136782102.0
145166623.0,145166623.0,143638808.0,138191125.0,143921431.0
145350949.0,145350949.0,130486552.0,136782102.0,143638808.0
143565108.0,52592934.0,142225685.0,143921431.0,130486552.0
143626551.0,143565108.0,145166623.0,143638808.0,142225685.0
143630649.0,143626551.0,143565108.0,130486552.0,145166623.0
146157884.0,143630649.0,143626551.0,142225685.0,145350949.0
140755261.0,146157884.0,143630649.0,145166623.0,52592934.0
146112833.0,140755261.0,146157884.0,145350949.0,143565108.0
126214468.0,146112833.0,140755261.0,52592934.0,143630649.0
143184200.0,126214468.0,146112833.0,143565108.0,146157884.0
145305930.0,140226885.0,126214468.0,143630649.0,140755261.0
145314127.0,143184200.0,140226885.0,146157884.0,146112833.0
139829585.0,145305930.0,143184200.0,140755261.0,126214468.0
142307666.0,145314127.0,145305930.0,126214468.0,140226885.0
141746513.0,139829585.0,145314127.0,140226885.0,143184200.0
145420627.0,142307666.0,139829585.0,143184200.0,145305930.0
32887127.0,141746513.0,142307666.0,145305930.0,145314127.0
142246237.0,145420627.0,141746513.0,145314127.0,139829585.0
142299485.0,32887127.0,32887127.0,139829585.0,142307666.0
142225771.0,142246237.0,142299485.0,142307666.0,141746513.0
142287212.0,142299485.0,142225771.0,141746513.0,145420627.0
140394861.0,142225771.0,142287212.0,32887127.0,32887127.0
145199468.0,142287212.0,140394861.0,142246237.0,142246237.0
134582643.0,140394861.0,145199468.0,142299485.0,142299485.0
143114614.0,145199468.0,143114614.0,142225771.0,142225771.0
142217591.0,134582643.0,142217591.0,142287212.0,142287212.0
143036791.0,143114614.0,143036791.0,140394861.0,140394861.0
143077756.0,142217591.0,143077756.0,145199468.0,145199468.0
19874173.0,143036791.0,19874173.0,134582643.0,134582643.0
35414399.0,143077756.0,35414399.0,143114614.0,143114614.0
138568090.0,19874173.0,145129881.0,142217591.0,142217591.0
109322658.0,35414399.0,138568090.0,143036791.0,143036791.0
142938536.0,145129881.0,109322658.0,143077756.0,143077756.0
139276715.0,138568090.0,142938536.0,19874173.0,19874173.0
143151545.0,109322658.0,139276715.0,35414399.0,35414399.0
143172026.0,142938536.0,135082415.0,145129881.0,145129881.0
143606204.0,139276715.0,143151545.0,138568090.0,138568090.0
143929794.0,135082415.0,143172026.0,109322658.0,109322658.0
143069638.0,143151545.0,143606204.0,142938536.0,142938536.0
146100683.0,143172026.0,143929794.0,139276715.0,139276715.0
126386641.0,143606204.0,143069638.0,135082415.0,135082415.0
142410213.0,143929794.0,146100683.0,143151545.0,143151545.0
108085734.0,143069638.0,139280848.0,143172026.0,143172026.0
143933925.0,146100683.0,126386641.0,143606204.0,143606204.0
145207796.0,139280848.0,142410213.0,143929794.0,143929794.0
143589878.0,126386641.0,108085734.0,143069638.0,143069638.0
140308997.0,142410213.0,143933925.0,146100683.0,146100683.0
142275081.0,108085734.0,145207796.0,139280848.0,139280848.0
139756049.0,143933925.0,143589878.0,126386641.0,126386641.0
145109520.0,145207796.0,140308997.0,142410213.0,142410213.0
145138193.0,143589878.0,142275081.0,108085734.0,108085734.0
143204892.0,140308997.0,143127056.0,143933925.0,143933925.0
142303773.0,142275081.0,139756049.0,145207796.0,145207796.0
142406178.0,139756049.0,145109520.0,143589878.0,143589878.0
142357029.0,145109520.0,145138193.0,140308997.0,140308997.0
142930471.0,145138193.0,142303773.0,142275081.0,142275081.0
38109746.0,143204892.0,142406178.0,139756049.0,143127056.0
139846196.0,142303773.0,142357029.0,145109520.0,139756049.0
146158139.0,142406178.0,142930471.0,145138193.0,145109520.0
141374016.0,142357029.0,38109746.0,143204892.0,145138193.0
140395078.0,142930471.0,139846196.0,142303773.0,143204892.0
141738566.0,38109746.0,146158139.0,142406178.0,142303773.0
140276298.0,139846196.0,141374016.0,142357029.0,142406178.0
139092564.0,146158139.0,140395078.0,142930471.0,142357029.0
143610453.0,141374016.0,141738566.0,38109746.0,142930471.0
143647316.0,140395078.0,140276298.0,139846196.0,38109746.0
143008344.0,141738566.0,139092564.0,146158139.0,139846196.0
146023000.0,140276298.0,143610453.0,141374016.0,146158139.0
145097309.0,139092564.0,143647316.0,140395078.0,141374016.0
124367456.0,143610453.0,143008344.0,141738566.0,140395078.0
141697646.0,143647316.0,146023000.0,140276298.0,141738566.0
143077998.0,143008344.0,145097309.0,139092564.0,140276298.0
146018927.0,146023000.0,124367456.0,143610453.0,139092564.0
142283380.0,145097309.0,141697646.0,143647316.0,143610453.0
114356883.0,124367456.0,143077998.0,143008344.0,143647316.0
131007129.0,141697646.0,146018927.0,146023000.0,143008344.0
130327194.0,142283380.0,139281041.0,145097309.0,146023000.0
144351905.0,139281041.0,114356883.0,124367456.0,145097309.0
139694754.0,114356883.0,131007129.0,141697646.0,124367456.0
145089187.0,131007129.0,130327194.0,143077998.0,141697646.0
138736296.0,130327194.0,144351905.0,146018927.0,143077998.0
142987945.0,144351905.0,139694754.0,142283380.0,146018927.0
132330155.0,139694754.0,145089187.0,139281041.0,142283380.0
139391664.0,145089187.0,138736296.0,114356883.0,139281041.0
143205049.0,138736296.0,142987945.0,131007129.0,114356883.0
142430906.0,142987945.0,132330155.0,130327194.0,131007129.0
140284603.0,132330155.0,139391664.0,144351905.0,130327194.0
145097404.0,139391664.0,143205049.0,139694754.0,144351905.0
145863358.0,143205049.0,142430906.0,145089187.0,139694754.0
145171145.0,142430906.0,140284603.0,138736296.0,145089187.0
38384336.0,140284603.0,145097404.0,142987945.0,138736296.0
143512282.0,145097404.0,145863358.0,132330155.0,142987945.0
141198049.0,145171145.0,38384336.0,139391664.0,132330155.0
140231394.0,38384336.0,143512282.0,142430906.0,139391664.0
143082213.0,143512282.0,141198049.0,140284603.0,143205049.0
139993832.0,141198049.0,140231394.0,145097404.0,142430906.0
139813609.0,140231394.0,143082213.0,145863358.0,140284603.0
138830569.0,143082213.0,139813609.0,38384336.0,145097404.0
131031795.0,139813609.0,138830569.0,143512282.0,145863358.0
127795963.0,138830569.0,131031795.0,141198049.0,145171145.0
139272956.0,131031795.0,127795963.0,140231394.0,38384336.0
108884734.0,127795963.0,139272956.0,143082213.0,143512282.0
143049472.0,139272956.0,108884734.0,139993832.0,141198049.0
139846402.0,108884734.0,143049472.0,138830569.0,140231394.0
142930702.0,143049472.0,139846402.0,131031795.0,143082213.0
142988046.0,139846402.0,142988046.0,127795963.0,139993832.0
143074066.0,142930702.0,143074066.0,139272956.0,139813609.0
136643357.0,142988046.0,136643357.0,108884734.0,138830569.0
143729437.0,143074066.0,143729437.0,143049472.0,131031795.0
86373155.0,136643357.0,86373155.0,139846402.0,127795963.0
139838266.0,143729437.0,139838266.0,142930702.0,139272956.0
110367547.0,86373155.0,110367547.0,142988046.0,108884734.0
142537532.0,139838266.0,142537532.0,143074066.0,143049472.0
139789126.0,110367547.0,139789126.0,136643357.0,139846402.0
139297609.0,142537532.0,139297609.0,143729437.0,142930702.0
119288650.0,139789126.0,119288650.0,86373155.0,142988046.0
145298251.0,139297609.0,145298251.0,139838266.0,143074066.0
139776845.0,119288650.0,139776845.0,110367547.0,136643357.0
145961813.0,145298251.0,145961813.0,142537532.0,143729437.0
145183574.0,139776845.0,145183574.0,139789126.0,86373155.0
143057753.0,145961813.0,143057753.0,139297609.0,139838266.0
139240282.0,145183574.0,139240282.0,119288650.0,142537532.0
143020891.0,143057753.0,143020891.0,145298251.0,139789126.0
139240286.0,143020891.0,139240286.0,145961813.0,139297609.0
139977568.0,139240286.0,139977568.0,145183574.0,119288650.0
143553379.0,139977568.0,143553379.0,143057753.0,145298251.0
145003365.0,143553379.0,145003365.0,139240282.0,139776845.0
141603690.0,145003365.0,141603690.0,143020891.0,145961813.0
145208175.0,141603690.0,130368367.0,139240286.0,145183574.0
142988150.0,130368367.0,145208175.0,139977568.0,143057753.0
141771649.0,145208175.0,141771649.0,143553379.0,139240282.0
132920209.0,142988150.0,132920209.0,145003365.0,143020891.0
141763475.0,141771649.0,141763475.0,141603690.0,142201691.0
140260247.0,132920209.0,140260247.0,130368367.0,139240286.0
117486487.0,141763475.0,117486487.0,145208175.0,139977568.0
145208223.0,140260247.0,145208223.0,142988150.0,143553379.0
57566114.0,117486487.0,57566114.0,141771649.0,145003365.0
143139764.0,145208223.0,141603747.0,132920209.0,141603690.0
143549374.0,57566114.0,143139764.0,141763475.0,130368367.0
126038990.0,141603747.0,143549374.0,140260247.0,145208175.0
142164947.0,141706160.0,139584460.0,145208223.0,142988150.0
143086549.0,143139764.0,126038990.0,57566114.0,132920209.0
120669143.0,143549374.0,142164947.0,141603747.0,141763475.0
143553503.0,139801542.0,143086549.0,141706160.0,140260247.0
142423008.0,139584460.0,120669143.0,143139764.0,117486487.0
142373858.0,126038990.0,146039772.0,143549374.0,145208223.0
123655139.0,142164947.0,143553503.0,139801542.0,57566114.0
139211757.0,143086549.0,142373858.0,139584460.0,141603747.0
143533038.0,120669143.0,123655139.0,126038990.0,141706160.0
139322355.0,146039772.0,140231653.0,142164947.0,143139764.0
145859579.0,143553503.0,139211757.0,143086549.0,143549374.0
123864063.0,142373858.0,143533038.0,120669143.0,139801542.0
105899014.0,123655139.0,139322355.0,146039772.0,139584460.0
134837264.0,140231653.0,145859579.0,143553503.0,126038990.0
138269712.0,143533038.0,123864063.0,142423008.0,142164947.0
142406680.0,139322355.0,141321219.0,142373858.0,143086549.0
138142746.0,145859579.0,105899014.0,123655139.0,120669143.0
146039834.0,123864063.0,134837264.0,140231653.0,146039772.0
145118236.0,105899014.0,138269712.0,139211757.0,143553503.0
142976029.0,134837264.0,142406680.0,143533038.0,142423008.0
142349342.0,138269712.0,138142746.0,139322355.0,142373858.0
143717417.0,142406680.0,146039834.0,145859579.0,123655139.0
145994798.0,138142746.0,145118236.0,123864063.0,140231653.0
141694004.0,146039834.0,142976029.0,141321219.0,139211757.0
142402615.0,145118236.0,142349342.0,105899014.0,143533038.0
61940800.0,142976029.0,140964905.0,134837264.0,139322355.0
139809865.0,142349342.0,143717417.0,142406680.0,145859579.0
139314250.0,140964905.0,145994798.0,138142746.0,123864063.0
145142866.0,143717417.0,141694004.0,146039834.0,105899014.0
143606874.0,145130542.0,143553590.0,145118236.0,134837264.0
89998441.0,139932719.0,142402615.0,142976029.0,138269712.0
139318383.0,145994798.0,61940800.0,142349342.0,142406680.0
128517245.0,142402615.0,139809865.0,143717417.0,138142746.0
143062145.0,61940800.0,139314250.0,145130542.0,146039834.0
143598721.0,139809865.0,145142866.0,139932719.0,145118236.0
137127044.0,139314250.0,143606874.0,145994798.0,142976029.0
45606021.0,145142866.0,89998441.0,143553590.0,142349342.0
137327758.0,143606874.0,143639662.0,142402615.0,140964905.0
139695250.0,89998441.0,139318383.0,61940800.0,143717417.0
143144087.0,143639662.0,128517245.0,139809865.0,145130542.0
143103128.0,139318383.0,143062145.0,139314250.0,139932719.0
95696029.0,128517245.0,137127044.0,145142866.0,145994798.0
142468254.0,143062145.0,45606021.0,143606874.0,141694004.0
143000738.0,143598721.0,137327758.0,89998441.0,143553590.0
143615142.0,137127044.0,139695250.0,143639662.0,142402615.0
142242984.0,45606021.0,143144087.0,139318383.0,61940800.0
143479976.0,137327758.0,143103128.0,128517245.0,139809865.0
145122472.0,139695250.0,143144088.0,143062145.0,139314250.0
132142251.0,143144087.0,95696029.0,143598721.0,145142866.0
143623340.0,95696029.0,142386334.0,137127044.0,143606874.0
71050423.0,142386334.0,142468254.0,45606021.0,89998441.0
140268735.0,142468254.0,143000738.0,137327758.0,143639662.0
139850944.0,143000738.0,143615142.0,143144087.0,139318383.0
145306821.0,143615142.0,142242984.0,143103128.0,128517245.0
143000788.0,142242984.0,143479976.0,143144088.0,143062145.0
139822296.0,143479976.0,145122472.0,95696029.0,143598721.0
85935324.0,145122472.0,132142251.0,142386334.0,137127044.0
143987954.0,132142251.0,143623340.0,142468254.0,45606021.0
139822324.0,143623340.0,140268735.0,143000738.0,137327758.0
141731075.0,71050423.0,139850944.0,143615142.0,139695250.0
143942915.0,140268735.0,139822296.0,142242984.0,143144087.0
39834887.0,139850944.0,85935324.0,143479976.0,143103128.0
146183439.0,145306821.0,143987954.0,145122472.0,95696029.0
146154770.0,143000788.0,139822324.0,132142251.0,142386334.0
142996756.0,139822296.0,141731075.0,143623340.0,142468254.0
142357781.0,85935324.0,143942915.0,140268735.0,143000738.0
140301590.0,140879074.0,39834887.0,139850944.0,143615142.0
46339350.0,143987954.0,143480074.0,145306821.0,142242984.0
145831188.0,139822324.0,146183439.0,143000788.0,143479976.0
142218526.0,141731075.0,142996756.0,139822296.0,145122472.0
139760928.0,143942915.0,142357781.0,85935324.0,132142251.0
141612320.0,39834887.0,140301590.0,140879074.0,143623340.0
145265953.0,143480074.0,46339350.0,143987954.0,71050423.0
145990965.0,146183439.0,145831188.0,139822324.0,140268735.0
139818306.0,146154770.0,142218526.0,141731075.0,139850944.0
124781891.0,142996756.0,139760928.0,143942915.0,145306821.0
139236676.0,142357781.0,141612320.0,39834887.0,143000788.0
142263621.0,140301590.0,145265953.0,143480074.0,139822296.0
146117955.0,145831188.0,145990965.0,146183439.0,85935324.0
143549768.0,142218526.0,139818306.0,146154770.0,140879074.0
143103311.0,139760928.0,124781891.0,142996756.0,143987954.0
142202193.0,141612320.0,139236676.0,142357781.0,139822324.0
142951761.0,145265953.0,146117955.0,140301590.0,141731075.0
142222677.0,145990965.0,143549768.0,46339350.0,143942915.0
145290581.0,139818306.0,143103311.0,145831188.0,39834887.0
146154837.0,124781891.0,142202193.0,142218526.0,143480074.0
141583707.0,139236676.0,142951761.0,139760928.0,146183439.0
145245534.0,142263621.0,142222677.0,141612320.0,146154770.0
140240225.0,146117955.0,145290581.0,145265953.0,142996756.0
142325091.0,143549768.0,137569623.0,145990965.0,142357781.0
143578467.0,143103311.0,146154837.0,139818306.0,140301590.0
130966885.0,142202193.0,141583707.0,124781891.0,46339350.0
141825387.0,142951761.0,145245534.0,139236676.0,145831188.0
140219761.0,142222677.0,140240225.0,142263621.0,142218526.0
143000950.0,145290581.0,142325091.0,146117955.0,139760928.0
141788535.0,137569623.0,143578467.0,143549768.0,141612320.0
143631742.0,146154837.0,130966885.0,143103311.0,145265953.0
139097474.0,141583707.0,141825387.0,142202193.0,145990965.0
140277128.0,145245534.0,140219761.0,142951761.0,139818306.0
143017355.0,140240225.0,143000950.0,142222677.0,124781891.0
141813136.0,142325091.0,141788535.0,137569623.0,139236676.0
143656340.0,143578467.0,143631742.0,146154837.0,142263621.0
143119768.0,130966885.0,139097474.0,141583707.0,146117955.0
142939545.0,141825387.0,140277128.0,145245534.0,143549768.0
139314591.0,140219761.0,143017355.0,140240225.0,143103311.0
143009190.0,143000950.0,141813136.0,142325091.0,142202193.0
123274666.0,141788535.0,143656340.0,143578467.0,142951761.0
142427567.0,143631742.0,141731221.0,130966885.0,142222677.0
133518770.0,139097474.0,143119768.0,141825387.0,145290581.0
140264888.0,140277128.0,142939545.0,140219761.0,137569623.0
141710779.0,143017355.0,139314591.0,143000950.0,146154837.0
145307068.0,141813136.0,140350886.0,141788535.0,141583707.0
139245004.0,143656340.0,143009190.0,143631742.0,145245534.0
144729548.0,143119768.0,123274666.0,139097474.0,140240225.0
143906269.0,142939545.0,142427567.0,140277128.0,142325091.0
100402658.0,139314591.0,140264888.0,143017355.0,143578467.0
145987053.0,140350886.0,141710779.0,141813136.0,130966885.0
67810800.0,143009190.0,145307068.0,143656340.0,141825387.0
126948851.0,123274666.0,139245004.0,141731221.0,140219761.0
37455351.0,133518770.0,144729548.0,143119768.0,143000950.0
141919739.0,140264888.0,143906269.0,142939545.0,141788535.0
143570428.0,141710779.0,142972382.0,139314591.0,143631742.0
146175487.0,145307068.0,67810800.0,140350886.0,139097474.0
143046145.0,139245004.0,126948851.0,143009190.0,140277128.0
143631876.0,144729548.0,37455351.0,123274666.0,143017355.0
142214668.0,143906269.0,141919739.0,142427567.0,141813136.0
143013390.0,142972382.0,143570428.0,133518770.0,143656340.0
123184656.0,100402658.0,146175487.0,140264888.0,141731221.0
145876497.0,145987053.0,143046145.0,141710779.0,143119768.0
139990546.0,67810800.0,143631876.0,145307068.0,142939545.0
134583828.0,126948851.0,142214668.0,139245004.0,139314591.0
131024405.0,37455351.0,143013390.0,144729548.0,140350886.0
63768091.0,141919739.0,123184656.0,143906269.0,143009190.0
143123996.0,143570428.0,145876497.0,142972382.0,123274666.0
146019868.0,146175487.0,139990546.0,100402658.0,142427567.0
141620778.0,143046145.0,134583828.0,145987053.0,133518770.0
139843118.0,143631876.0,131024405.0,67810800.0,140264888.0
145409583.0,142214668.0,139785750.0,126948851.0,141710779.0
143918643.0,143013390.0,63768091.0,37455351.0,145307068.0
133547577.0,123184656.0,143123996.0,141919739.0,139245004.0
144012857.0,145876497.0,146019868.0,143570428.0,144729548.0
143042107.0,139990546.0,139843118.0,146175487.0,143906269.0
140273213.0,134583828.0,143918643.0,143046145.0,142972382.0
119567933.0,131024405.0,133547577.0,143631876.0,100402658.0
146032190.0,139785750.0,144012857.0,142214668.0,145987053.0
120968768.0,63768091.0,143042107.0,143013390.0,67810800.0
141694540.0,143123996.0,140273213.0,123184656.0,126948851.0
142452303.0,146019868.0,119567933.0,145876497.0,37455351.0
145274450.0,141620778.0,146032190.0,139990546.0,141919739.0
139257433.0,139843118.0,120968768.0,134583828.0,143570428.0
145184360.0,145409583.0,142390855.0,131024405.0,146175487.0
111711852.0,143918643.0,141694540.0,139785750.0,143046145.0
141624943.0,133547577.0,142452303.0,63768091.0,143631876.0
143062645.0,144012857.0,145274450.0,143123996.0,142214668.0
143074939.0,143042107.0,139257433.0,141620778.0,143013390.0
142210684.0,140273213.0,145184360.0,139843118.0,123184656.0
141670018.0,119567933.0,111711852.0,145409583.0,145876497.0
120505989.0,146032190.0,141624943.0,143918643.0,139990546.0
143160969.0,120968768.0,143062645.0,133547577.0,134583828.0
142231189.0,142390855.0,143074939.0,144012857.0,131024405.0
136738457.0,141694540.0,142210684.0,143042107.0,139785750.0
139785883.0,142452303.0,141670018.0,140273213.0,63768091.0
146007711.0,145274450.0,120505989.0,119567933.0,143123996.0
141620897.0,139257433.0,143160969.0,146032190.0,146019868.0
142190243.0,145184360.0,142231189.0,120968768.0,128448041.0
139728549.0,111711852.0,136738457.0,142390855.0,141620778.0
59008684.0,141624943.0,139785883.0,141694540.0,139843118.0
139081388.0,143062645.0,146007711.0,142452303.0,145409583.0
130340530.0,143074939.0,141620897.0,145274450.0,143918643.0
143124149.0,142210684.0,142190243.0,139257433.0,133547577.0
143836855.0,141670018.0,139728549.0,145184360.0,144012857.0
46544572.0,120505989.0,59008684.0,111711852.0,143042107.0
139105988.0,143160969.0,139081388.0,141624943.0,140273213.0
146101956.0,142231189.0,130340530.0,143062645.0,119567933.0
142280393.0,136738457.0,143124149.0,143074939.0,146032190.0
143570634.0,139785883.0,143836855.0,142210684.0,120968768.0
145880781.0,146007711.0,46544572.0,141670018.0,142390855.0
139765454.0,141620897.0,139105988.0,120505989.0,141694540.0
133228238.0,142190243.0,146101956.0,143160969.0,142452303.0
143574739.0,139728549.0,142280393.0,142231189.0,145274450.0
140330711.0,59008684.0,143570634.0,136738457.0,139257433.0
142427866.0,139081388.0,145880781.0,139785883.0,145184360.0
146077407.0,130340530.0,139765454.0,146007711.0,111711852.0
143681248.0,143124149.0,133228238.0,141620897.0,141624943.0
142501603.0,143836855.0,143574739.0,142190243.0,143074939.0
141190884.0,46544572.0,140330711.0,139728549.0,142210684.0
48355047.0,139105988.0,142427866.0,59008684.0,141670018.0
43701993.0,146101956.0,146077407.0,139081388.0,120505989.0
142391017.0,142280393.0,143681248.0,130340530.0,143160969.0
143910634.0,143570634.0,141190884.0,143124149.0,142231189.0
143062767.0,145880781.0,142194407.0,143836855.0,136738457.0
145221361.0,139765454.0,48355047.0,46544572.0,139785883.0
143574774.0,143574739.0,43701993.0,139105988.0,146007711.0
143017719.0,140330711.0,142391017.0,146101956.0,141620897.0
143996664.0,142427866.0,143910634.0,142280393.0,142190243.0
141330173.0,146077407.0,143062767.0,143570634.0,139728549.0
143562501.0,143681248.0,145221361.0,145880781.0,59008684.0
146061062.0,142501603.0,143574774.0,139765454.0,139081388.0
145090317.0,141190884.0,143017719.0,133228238.0,130340530.0
142219024.0,142194407.0,141330173.0,143574739.0,143124149.0
143218453.0,48355047.0,143562501.0,140330711.0,143836855.0
139892505.0,142391017.0,146061062.0,23066329.0,46544572.0
142231323.0,143910634.0,145090317.0,142427866.0,139105988.0
145889055.0,143062767.0,142219024.0,146077407.0,146101956.0
94504740.0,145221361.0,143218453.0,143681248.0,142280393.0
141801253.0,143574774.0,139892505.0,142501603.0,143570634.0
139917105.0,143017719.0,142231323.0,141190884.0,145880781.0
139777850.0,141330173.0,145889055.0,142194407.0,139765454.0
143603516.0,143562501.0,141801253.0,48355047.0,133228238.0
142346052.0,146061062.0,139917105.0,43701993.0,143574739.0
136451908.0,145090317.0,143603516.0,142391017.0,140330711.0
141637455.0,142219024.0,47687488.0,143910634.0,23066329.0
140470096.0,143218453.0,142346052.0,143062767.0,142427866.0
145164118.0,139892505.0,136451908.0,145221361.0,146077407.0
139728733.0,142231323.0,141637455.0,143574774.0,143681248.0
142235497.0,145889055.0,140470096.0,143017719.0,142501603.0
145336178.0,94504740.0,145164118.0,141330173.0,141190884.0
140285811.0,141801253.0,139728733.0,143562501.0,142194407.0
134584185.0,139917105.0,146057057.0,146061062.0,48355047.0
143595386.0,139777850.0,142235497.0,145090317.0,43701993.0
145135487.0,143603516.0,143578991.0,142219024.0,142391017.0
146126720.0,142346052.0,145336178.0,143218453.0,143910634.0
135194501.0,136451908.0,140285811.0,139892505.0,143062767.0
145332107.0,141637455.0,134584185.0,142231323.0,145221361.0
142247822.0,140470096.0,143595386.0,145889055.0,143574774.0
139921296.0,145164118.0,145135487.0,141801253.0,143017719.0
143951763.0,139728733.0,146126720.0,139777850.0,143996664.0
142387102.0,146057057.0,135194501.0,143603516.0,141330173.0
141768607.0,142235497.0,145332107.0,47687488.0,143562501.0
137922465.0,143578991.0,142247822.0,142346052.0,146061062.0
143595425.0,145336178.0,139921296.0,136451908.0,145090317.0
128010147.0,140285811.0,123791251.0,141637455.0,142219024.0
59783076.0,134584185.0,143951763.0,140470096.0,143218453.0
141715368.0,143595386.0,142387102.0,145164118.0,139892505.0
99399597.0,145135487.0,141768607.0,139728733.0,142231323.0
133093297.0,146126720.0,137922465.0,146057057.0,145889055.0
143275959.0,135194501.0,143595425.0,142235497.0,94504740.0
143574967.0,145332107.0,128010147.0,143578991.0,141801253.0
143587256.0,142247822.0,59783076.0,145336178.0,139917105.0
132577208.0,139921296.0,99399597.0,140285811.0,139777850.0
143583170.0,123791251.0,133093297.0,143595386.0,143603516.0
143185860.0,143951763.0,143275959.0,145135487.0,142346052.0
128563145.0,142387102.0,141641655.0,146126720.0,136451908.0
143017945.0,141768607.0,143574967.0,135194501.0,141637455.0
126592987.0,137922465.0,139765689.0,142247822.0,140470096.0
145983460.0,143595425.0,143587256.0,139921296.0,140441423.0
146253809.0,128010147.0,132577208.0,123791251.0,145164118.0
128571379.0,59783076.0,143583170.0,143951763.0,139728733.0
142456820.0,141715368.0,143185860.0,142387102.0,146057057.0
140949492.0,99399597.0,128563145.0,141768607.0,142235497.0
145901576.0,133093297.0,139765718.0,137922465.0,143578991.0
142936074.0,143275959.0,143017945.0,143595425.0,145336178.0
140253198.0,141641655.0,126592987.0,128010147.0,140285811.0
143116303.0,143574967.0,145983460.0,59783076.0,134584185.0
145336334.0,139765689.0,146253809.0,141715368.0,143595386.0
142239762.0,143587256.0,128571379.0,99399597.0,145135487.0
146106389.0,132577208.0,142456820.0,133093297.0,146126720.0
143112215.0,143583170.0,140949492.0,143275959.0,135194501.0
141625375.0,143185860.0,145901576.0,141641655.0,145332107.0
145549349.0,128563145.0,143116303.0,143574967.0,142247822.0
140339250.0,139765718.0,145336334.0,139765689.0,139921296.0
136755252.0,143017945.0,142239762.0,143587256.0,123791251.0
143050806.0,126592987.0,146106389.0,132577208.0,143951763.0
145086523.0,145983460.0,143112215.0,143583170.0,142387102.0
145283135.0,146253809.0,141625375.0,143185860.0,141768607.0
129009737.0,128571379.0,145549349.0,128563145.0,137922465.0
143530064.0,142456820.0,140339250.0,139765718.0,143595425.0
145938514.0,140949492.0,136755252.0,143017945.0,128010147.0
145107031.0,145901576.0,143050806.0,126592987.0,59783076.0
130472026.0,142936074.0,145086523.0,145983460.0,141715368.0
139716703.0,140253198.0,145283135.0,146253809.0,99399597.0
140331104.0,143116303.0,129009737.0,128571379.0,133093297.0
143636582.0,145336334.0,143530064.0,142456820.0,143275959.0
139798635.0,142239762.0,145938514.0,140949492.0,141641655.0
145361016.0,146106389.0,145107031.0,145901576.0,143574967.0
142411921.0,143112215.0,130472026.0,142936074.0,139765689.0
143145106.0,141625375.0,139716703.0,140253198.0,143587256.0
50563226.0,145549349.0,140331104.0,143116303.0,132577208.0
142366875.0,140339250.0,143636582.0,145336334.0,143583170.0
142977179.0,136755252.0,139798635.0,142239762.0,143185860.0
141678755.0,143050806.0,145361016.0,146106389.0,128563145.0
143136932.0,145086523.0,142411921.0,143112215.0,139765718.0
19806390.0,145283135.0,143145106.0,141625375.0,143017945.0
140925112.0,129009737.0,50563226.0,145549349.0,126592987.0
145189048.0,143530064.0,142366875.0,139929643.0,145983460.0
139716795.0,145938514.0,142977179.0,140339250.0,146253809.0
139839680.0,145107031.0,142416031.0,136755252.0,128571379.0
141686981.0,130472026.0,141678755.0,143050806.0,142456820.0
142239941.0,139716703.0,143136932.0,145086523.0,140949492.0
126748873.0,140331104.0,19806390.0,145283135.0,145901576.0
50890959.0,143636582.0,140925112.0,129009737.0,142936074.0
142285010.0,139798635.0,145189048.0,143530064.0,143116303.0
143522009.0,145361016.0,139716795.0,145938514.0,145336334.0
140269786.0,142411921.0,139839680.0,145107031.0,142239762.0
108583138.0,143145106.0,123676865.0,130472026.0,146106389.0
139917539.0,50563226.0,141686981.0,139716703.0,143112215.0
141854947.0,142366875.0,142239941.0,140331104.0,141625375.0
142178530.0,142977179.0,126748873.0,143636582.0,145549349.0
142375142.0,142416031.0,50890959.0,139798635.0,139929643.0
143526120.0,141678755.0,142285010.0,145361016.0,140339250.0
143145195.0,143136932.0,143522009.0,142411921.0,136755252.0
141650158.0,19806390.0,140269786.0,143145106.0,143050806.0
142452980.0,140925112.0,108583138.0,50563226.0,145086523.0
143145207.0,145189048.0,139917539.0,142366875.0,145283135.0
139696391.0,139716795.0,141854947.0,142977179.0,129009737.0
146200850.0,139839680.0,142178530.0,142416031.0,143530064.0
145328407.0,123676865.0,142375142.0,141678755.0,145938514.0
141666587.0,141686981.0,132085991.0,143136932.0,145107031.0
78088480.0,142239941.0,143526120.0,19806390.0,130472026.0
143501611.0,126748873.0,144718055.0,140925112.0,139716703.0
139307308.0,50890959.0,143145195.0,145189048.0,140331104.0
146000173.0,142285010.0,141650158.0,139716795.0,143636582.0
143558960.0,143522009.0,142452980.0,139839680.0,139798635.0
146123063.0,140269786.0,143145207.0,123676865.0,145361016.0
142944569.0,108583138.0,130898176.0,141686981.0,142411921.0
136780093.0,139917539.0,139696391.0,142239941.0,143145106.0
42359108.0,141854947.0,146200850.0,126748873.0,50563226.0
143911239.0,142178530.0,145328407.0,50890959.0,142366875.0
124500301.0,142375142.0,145410328.0,142285010.0,142977179.0
144677200.0,132085991.0,78088480.0,143522009.0,142416031.0
145213779.0,143526120.0,143501611.0,140269786.0,141678755.0
143026516.0,144718055.0,139307308.0,108583138.0,143136932.0
139200853.0,143145195.0,146000173.0,139917539.0,19806390.0
145332565.0,141650158.0,143558960.0,141854947.0,140925112.0
143599962.0,142452980.0,146123063.0,142178530.0,145189048.0
139110753.0,143145207.0,142944569.0,142375142.0,139716795.0
139725159.0,130898176.0,136780093.0,132085991.0,139839680.0
139250035.0,139696391.0,42359108.0,143526120.0,123676865.0
145308033.0,146200850.0,143911239.0,143145195.0,141686981.0
145906052.0,145328407.0,124500301.0,141650158.0,142239941.0
145275277.0,145410328.0,144677200.0,142452980.0,126748873.0
145844622.0,141666587.0,145213779.0,143145207.0,50890959.0
129616276.0,113502494.0,143026516.0,130898176.0,142285010.0
143083925.0,78088480.0,139200853.0,139696391.0,143522009.0
142207392.0,143501611.0,145332565.0,146200850.0,140269786.0
143591842.0,139307308.0,143599962.0,145328407.0,108583138.0
139270568.0,146000173.0,139110753.0,145410328.0,139917539.0
142338474.0,143558960.0,139725159.0,141666587.0,141854947.0
144648620.0,146123063.0,139250035.0,113502494.0,142178530.0
139143600.0,142944569.0,145308033.0,78088480.0,142375142.0
140286384.0,136780093.0,145906052.0,143501611.0,132085991.0
143133117.0,42359108.0,145275277.0,139307308.0,143526120.0
145037762.0,143911239.0,145844622.0,146000173.0,144718055.0
143006154.0,124500301.0,129616276.0,143558960.0,143145195.0
140245459.0,144677200.0,143083925.0,136780093.0,141650158.0
122825179.0,145213779.0,143591842.0,42359108.0,142452980.0
145242589.0,143026516.0,139270568.0,143911239.0,143145207.0
143014366.0,139200853.0,142338474.0,124500301.0,130898176.0
142252518.0,145332565.0,144648620.0,144677200.0,139696391.0
143030760.0,143599962.0,139143600.0,145213779.0,146200850.0
143526376.0,139725159.0,140286384.0,143026516.0,145328407.0
139364842.0,139250035.0,143133117.0,139200853.0,145410328.0
139360748.0,139221369.0,145037762.0,145332565.0,141666587.0
143243774.0,145308033.0,143006154.0,143599962.0,113502494.0
143141381.0,145906052.0,140245459.0,139110753.0,78088480.0
50977295.0,145275277.0,139860443.0,139725159.0,143501611.0
143149586.0,145844622.0,122825179.0,139250035.0,139307308.0
143563286.0,129616276.0,145242589.0,139221369.0,146000173.0
143657493.0,143083925.0,143014366.0,145308033.0,143558960.0
132540952.0,142207392.0,143686113.0,145906052.0,146123063.0
142981660.0,143591842.0,142252518.0,145275277.0,142944569.0
142359070.0,139270568.0,143030760.0,145844622.0,136780093.0
141679140.0,142338474.0,143526376.0,129616276.0,42359108.0
123079205.0,144648620.0,138701290.0,143083925.0,143911239.0
141208111.0,139143600.0,139364842.0,142207392.0,124500301.0
128440883.0,140286384.0,139360748.0,143591842.0,145213779.0
141781573.0,143133117.0,143243774.0,139270568.0,143026516.0
143215175.0,145037762.0,143141381.0,142338474.0,139200853.0
141757000.0,143006154.0,50977295.0,144648620.0,145332565.0
145156683.0,140245459.0,143149586.0,139143600.0,143599962.0
141621836.0,139860443.0,142445077.0,140286384.0,139110753.0
142469708.0,122825179.0,143563286.0,143133117.0,139725159.0
141781584.0,145242589.0,143657493.0,145037762.0,139250035.0
142404177.0,143014366.0,132540952.0,143006154.0,139221369.0
143596112.0,143686113.0,142981660.0,140245459.0,145308033.0
58849882.0,142252518.0,142359070.0,139860443.0,145906052.0
146225757.0,143030760.0,141679140.0,122825179.0,145275277.0
141785697.0,143526376.0,123079205.0,145242589.0,145844622.0
140261986.0,138701290.0,141539885.0,143014366.0,129616276.0
141605474.0,139364842.0,141208111.0,143686113.0,143083925.0
143575651.0,139360748.0,39672369.0,142252518.0,142207392.0
145529445.0,143243774.0,128440883.0,143030760.0,143591842.0
136800870.0,143141381.0,141781573.0,143526376.0,139270568.0
142494318.0,50977295.0,143215175.0,138701290.0,142338474.0
146045553.0,143149586.0,141757000.0,139364842.0,144648620.0
139205235.0,142445077.0,145156683.0,139360748.0,139143600.0
56380024.0,143563286.0,141621836.0,143243774.0,140286384.0
142424700.0,143657493.0,142404177.0,143141381.0,143133117.0
143497864.0,132540952.0,143596112.0,50977295.0,145037762.0
95701646.0,142981660.0,58849882.0,143149586.0,143006154.0
143542933.0,142359070.0,146225757.0,143563286.0,140245459.0
133167765.0,141679140.0,39926367.0,143657493.0,139860443.0
143567512.0,123079205.0,141785697.0,132540952.0,122825179.0
142981783.0,141539885.0,140261986.0,142981660.0,145242589.0
139074203.0,141208111.0,141605474.0,142359070.0,143014366.0
142477983.0,39672369.0,143575651.0,141679140.0,143686113.0
143051431.0,128440883.0,145529445.0,123079205.0,142252518.0
146205358.0,141781573.0,136800870.0,141539885.0,143030760.0
143559346.0,143215175.0,134523500.0,141208111.0,143526376.0
139819701.0,145156683.0,142494318.0,39672369.0,138701290.0
145283770.0,141621836.0,146045553.0,128440883.0,139364842.0
140286659.0,142469708.0,139205235.0,141781573.0,139360748.0
143596227.0,141781584.0,56380024.0,143215175.0,143243774.0
143928003.0,142404177.0,142424700.0,141757000.0,143141381.0
135936715.0,143596112.0,143104648.0,145156683.0,50977295.0
143018702.0,58849882.0,143497864.0,141621836.0,143149586.0
143010514.0,146225757.0,95701646.0,142469708.0,142445077.0
145078994.0,141785697.0,143542933.0,141781584.0,143563286.0
141642456.0,140261986.0,133167765.0,142404177.0,143657493.0
139733723.0,141605474.0,143567512.0,143596112.0,132540952.0
117824227.0,143575651.0,142981783.0,58849882.0,142981660.0
142379747.0,145529445.0,139074203.0,146225757.0,142359070.0
143526628.0,136800870.0,142477983.0,39926367.0,141679140.0
140507882.0,134523500.0,143051431.0,141785697.0,123079205.0
141675242.0,142494318.0,146205358.0,140261986.0,141539885.0
142412523.0,146045553.0,143559346.0,141605474.0,141208111.0
146152172.0,139205235.0,139819701.0,143575651.0,39672369.0
145119994.0,56380024.0,125409978.0,145529445.0,128440883.0
139807488.0,142424700.0,145283770.0,136800870.0,141781573.0
144370432.0,143104648.0,139242176.0,134523500.0,143215175.0
142990082.0,143497864.0,140286659.0,142494318.0,141757000.0
145357571.0,95701646.0,143596227.0,146045553.0,145156683.0
34994949.0,143542933.0,143928003.0,139205235.0,141621836.0
139115279.0,133167765.0,135936715.0,56380024.0,142469708.0
138504983.0,143567512.0,143018702.0,143104648.0,141781584.0
143010584.0,142981783.0,143010514.0,143497864.0,142404177.0
143174425.0,139074203.0,145078994.0,95701646.0,143596112.0
139225885.0,142477983.0,141642456.0,143542933.0,58849882.0
133163806.0,143051431.0,117824227.0,133167765.0,146225757.0
139377439.0,146205358.0,142379747.0,143567512.0,39926367.0
138525471.0,143559346.0,143526628.0,142981783.0,141785697.0
144268065.0,139819701.0,140507882.0,139074203.0,140261986.0
140249890.0,125409978.0,141675242.0,142477983.0,141605474.0
143645475.0,145283770.0,142412523.0,143051431.0,143575651.0
138558246.0,139242176.0,146152172.0,146205358.0,145529445.0
139762471.0,140286659.0,145119994.0,143559346.0,136800870.0
139828008.0,143596227.0,139807488.0,139819701.0,134523500.0
142363434.0,143928003.0,144370432.0,125409978.0,142494318.0
142297903.0,135936715.0,142396162.0,140286659.0,146045553.0
126016307.0,143018702.0,145357571.0,143596227.0,139205235.0
64174904.0,143010514.0,34994949.0,143928003.0,56380024.0
145287994.0,145078994.0,139115279.0,135936715.0,142424700.0
145328954.0,141642456.0,138504983.0,143018702.0,143104648.0
141658944.0,139733723.0,143010584.0,143010514.0,143497864.0
86043456.0,117824227.0,143174425.0,145078994.0,95701646.0
145255235.0,142379747.0,139225885.0,143551189.0,143542933.0
140348236.0,143526628.0,133163806.0,141642456.0,133167765.0
139688781.0,140507882.0,139377439.0,139733723.0,137161367.0
145972045.0,141675242.0,138525471.0,117824227.0,143567512.0
141810511.0,142412523.0,143645475.0,142379747.0,142981783.0
138546000.0,146152172.0,138558246.0,143526628.0,139074203.0
140344144.0,145119994.0,139762471.0,140507882.0,142477983.0
142277457.0,139807488.0,139828008.0,141675242.0,143051431.0
132086615.0,144370432.0,142363434.0,142412523.0,146205358.0
143154009.0,142396162.0,142297903.0,146152172.0,143559346.0
141933403.0,142990082.0,126016307.0,145119994.0,139819701.0
143305563.0,145357571.0,64174904.0,139807488.0,125409978.0
144776028.0,34994949.0,145287994.0,144370432.0,145283770.0
146008930.0,139115279.0,145328954.0,142396162.0,139242176.0
139643750.0,138504983.0,141658944.0,142990082.0,140286659.0
140229489.0,143010584.0,86043456.0,145357571.0,143596227.0
145320819.0,143174425.0,145255235.0,34994949.0,143928003.0
145177475.0,139225885.0,139889480.0,139115279.0,135936715.0
143166343.0,133163806.0,140348236.0,138504983.0,143018702.0
143080329.0,139377439.0,139688781.0,143010584.0,143010514.0
145218447.0,138525471.0,145972045.0,143174425.0,145078994.0
145943440.0,144268065.0,141810511.0,139225885.0,143551189.0
146123669.0,140249890.0,138546000.0,133163806.0,141642456.0
142269339.0,143645475.0,140344144.0,139377439.0,139733723.0
143129499.0,138558246.0,142277457.0,138525471.0,117824227.0
142437280.0,139762471.0,132086615.0,144268065.0,142379747.0
143633330.0,139828008.0,143154009.0,143645475.0,143526628.0
141720505.0,142363434.0,141933403.0,138558246.0,140507882.0
142425018.0,142297903.0,143305563.0,139762471.0,141675242.0
131853249.0,126016307.0,144776028.0,139828008.0,142412523.0
140241858.0,64174904.0,146008930.0,142363434.0,146152172.0
110885828.0,145287994.0,139643750.0,142297903.0,145119994.0
139889613.0,145328954.0,138607472.0,126016307.0,139807488.0
138087375.0,141658944.0,140229489.0,64174904.0,144370432.0
129461206.0,86043456.0,145320819.0,145287994.0,142396162.0
139725786.0,145255235.0,145177475.0,145328954.0,142990082.0
145353696.0,139889480.0,143166343.0,141658944.0,145357571.0
129604588.0,145972045.0,145218447.0,86043456.0,34994949.0
145071086.0,141810511.0,145943440.0,145255235.0,139115279.0
139975668.0,138546000.0,146123669.0,139889480.0,138504983.0
139250682.0,140344144.0,142269339.0,139688781.0,143010584.0
141863931.0,142277457.0,143129499.0,145972045.0,143174425.0
142248960.0,132086615.0,142437280.0,141810511.0,139225885.0
142351360.0,143154009.0,143633330.0,138546000.0,139377439.0
143072262.0,141933403.0,141720505.0,140344144.0,138525471.0
139828231.0,143305563.0,142425018.0,142277457.0,144268065.0
143051787.0,144776028.0,131853249.0,132086615.0,140249890.0
87571469.0,146008930.0,140241858.0,143154009.0,143645475.0
143174676.0,139643750.0,110885828.0,141933403.0,138558246.0
140266520.0,138607472.0,139889613.0,143305563.0,139762471.0
145345562.0,140229489.0,138087375.0,144776028.0,139828008.0
34196509.0,145320819.0,129461206.0,146008930.0,142363434.0
139881503.0,145177475.0,139725786.0,139643750.0,142297903.0
143682591.0,143080329.0,145353696.0,138607472.0,126016307.0
132594724.0,145218447.0,129604588.0,140229489.0,64174904.0
146082878.0,145943440.0,145071086.0,145320819.0,145287994.0
143936576.0,146123669.0,139975668.0,145177475.0,145328954.0
141859908.0,142269339.0,139250682.0,143166343.0,141658944.0
143326286.0,143129499.0,141863931.0,143080329.0,86043456.0
143592527.0,142437280.0,142248960.0,145218447.0,145255235.0
140393563.0,143633330.0,129272833.0,145943440.0,139889480.0
140287073.0,141720505.0,143072262.0,146123669.0,139688781.0
141823074.0,131853249.0,139828231.0,142269339.0,145972045.0
43019363.0,140241858.0,143051787.0,143129499.0,141810511.0
140405858.0,135920579.0,87571469.0,142437280.0,138546000.0
145345634.0,110885828.0,143174676.0,143633330.0,140344144.0
145976426.0,139889613.0,140266520.0,141720505.0,142277457.0
117304431.0,129461206.0,145345562.0,142425018.0,132086615.0
144624751.0,139725786.0,34196509.0,131853249.0,143154009.0
139840630.0,145353696.0,139881503.0,140241858.0,141933403.0
143522939.0,129604588.0,143682591.0,135920579.0,143305563.0
138767487.0,145071086.0,132594724.0,110885828.0,144776028.0
128613504.0,139975668.0,146082878.0,139889613.0,146008930.0
143002756.0,139250682.0,143936576.0,129461206.0,139643750.0
142228615.0,141863931.0,141859908.0,139725786.0,138607472.0
143666319.0,142248960.0,143326286.0,145353696.0,140229489.0
139734160.0,129272833.0,143592527.0,129604588.0,145320819.0
101129366.0,142351360.0,140393563.0,145071086.0,145177475.0
145333408.0,139828231.0,140287073.0,139975668.0,143166343.0
145304737.0,143051787.0,141823074.0,139250682.0,143080329.0
134106276.0,87571469.0,43019363.0,141863931.0,145218447.0
142503111.0,143174676.0,140405858.0,142248960.0,145943440.0
128531658.0,140266520.0,145345634.0,129272833.0,146123669.0
130895051.0,145345562.0,145976426.0,142351360.0,142269339.0
130763982.0,34196509.0,117304431.0,143072262.0,143129499.0
142351570.0,139881503.0,144624751.0,139828231.0,142437280.0
142408914.0,143682591.0,139840630.0,143051787.0,143633330.0
142347490.0,132594724.0,143522939.0,87571469.0,141720505.0
135392487.0,146082878.0,138767487.0,143174676.0,142425018.0
145263848.0,143936576.0,128613504.0,140266520.0,131853249.0
142380265.0,141859908.0,143002756.0,145345562.0,140241858.0
139877611.0,143326286.0,142228615.0,34196509.0,135920579.0
139173099.0,143592527.0,143666319.0,139881503.0,110885828.0
142994671.0,140393563.0,139734160.0,143682591.0,139889613.0
146107631.0,140287073.0,101129366.0,132594724.0,138087375.0
141610228.0,141823074.0,145333408.0,146082878.0,129461206.0
143092992.0,43019363.0,145304737.0,143936576.0,139725786.0
138849542.0,140405858.0,134106276.0,141859908.0,145353696.0
143543558.0,145976426.0,62311596.0,143326286.0,129604588.0
143645958.0,117304431.0,142503111.0,143592527.0,145071086.0
139377929.0,144624751.0,128531658.0,140393563.0,139975668.0
138681611.0,139840630.0,130895051.0,140287073.0,139250682.0
142990603.0,143522939.0,130763982.0,141823074.0,141863931.0
132304141.0,138767487.0,142351570.0,43019363.0,142248960.0
129019151.0,128613504.0,142408914.0,140405858.0,129272833.0
129682712.0,143002756.0,142347490.0,145976426.0,142351360.0
40074522.0,142228615.0,135392487.0,117304431.0,143072262.0
125082908.0,143666319.0,145263848.0,144624751.0,139828231.0
139959585.0,139734160.0,142380265.0,139840630.0,143051787.0
142417191.0,101129366.0,45907177.0,143522939.0,87571469.0
143174966.0,145333408.0,139173099.0,138767487.0,143174676.0
143084869.0,145304737.0,142994671.0,128613504.0,140266520.0
142994759.0,134106276.0,146107631.0,143002756.0,145345562.0
142458186.0,62311596.0,141610228.0,142228615.0,34196509.0
142220621.0,142503111.0,143092992.0,143666319.0,139881503.0
131513678.0,128531658.0,138849542.0,139734160.0,143682591.0
143527253.0,130895051.0,143543558.0,101129366.0,132594724.0
141692250.0,130763982.0,143645958.0,145333408.0,146082878.0
143097181.0,142351570.0,139377929.0,145304737.0,143936576.0
141565282.0,142408914.0,138681611.0,134106276.0,141859908.0
143510883.0,142347490.0,142990603.0,62311596.0,143326286.0
145460580.0,135392487.0,132304141.0,142503111.0,143592527.0
145272173.0,145263848.0,129019151.0,128531658.0,140393563.0
142359918.0,142380265.0,129682712.0,130895051.0,140287073.0
143002990.0,45907177.0,40074522.0,130763982.0,141823074.0
141679986.0,139877611.0,125082908.0,142351570.0,43019363.0
36388211.0,139173099.0,139959585.0,142408914.0,140405858.0
143109495.0,142994671.0,142417191.0,142347490.0,145345634.0
123370876.0,146107631.0,143174966.0,135392487.0,145976426.0
142425485.0,141610228.0,143084869.0,145263848.0,117304431.0
141856148.0,143092992.0,142994759.0,142380265.0,144624751.0
143076757.0,138849542.0,142568777.0,45907177.0,139840630.0
139320741.0,143543558.0,142458186.0,139877611.0,143522939.0
127274410.0,143645958.0,143527253.0,139173099.0,138767487.0
140283313.0,139377929.0,141692250.0,142994671.0,128613504.0
145956274.0,138681611.0,143097181.0,146107631.0,143002756.0
143556024.0,142990603.0,141565282.0,141610228.0,142228615.0
145882562.0,132304141.0,143510883.0,143092992.0,143666319.0
135228870.0,129019151.0,142376292.0,138849542.0,139734160.0
142249415.0,129682712.0,145460580.0,143543558.0,101129366.0
140225992.0,40074522.0,145272173.0,139377929.0,145333408.0
124272075.0,125082908.0,143002990.0,138681611.0,145304737.0
140373453.0,139959585.0,143256947.0,142990603.0,134106276.0
142941646.0,142417191.0,36388211.0,132304141.0,62311596.0
126397901.0,143174966.0,143109495.0,129019151.0,142503111.0
142253523.0,143084869.0,123370876.0,129682712.0,128531658.0
143171031.0,142994759.0,142425485.0,40074522.0,130895051.0
141180376.0,142568777.0,141856148.0,125082908.0,130763982.0
139849178.0,142458186.0,143076757.0,139959585.0,142351570.0
125558235.0,142220621.0,143605151.0,142417191.0,142408914.0
140873183.0,143527253.0,139320741.0,143174966.0,142347490.0
140238312.0,141692250.0,127274410.0,143084869.0,135392487.0
143146474.0,143097181.0,140283313.0,142994759.0,145263848.0
143195629.0,141565282.0,145956274.0,142568777.0,142380265.0
143904237.0,142376292.0,143556024.0,142458186.0,45907177.0
140295664.0,145460580.0,145882562.0,142220621.0,139877611.0
146124273.0,145272173.0,135228870.0,131513678.0,139173099.0
140434936.0,142359918.0,142249415.0,141692250.0,142994671.0
146046461.0,143002990.0,140225992.0,143097181.0,146107631.0
139132417.0,141679986.0,124272075.0,141565282.0,141610228.0
143543811.0,36388211.0,140373453.0,143510883.0,143092992.0
124919300.0,143109495.0,142941646.0,142376292.0,138849542.0
142982660.0,123370876.0,126397901.0,145460580.0,143543558.0
143105546.0,142425485.0,142253523.0,145272173.0,143645958.0
145071634.0,141856148.0,143171031.0,142359918.0,139377929.0
143625748.0,143076757.0,141180376.0,143002990.0,138681611.0
145460767.0,143605151.0,139849178.0,141679986.0,142990603.0
47300128.0,139320741.0,125558235.0,143256947.0,132304141.0
145169953.0,127274410.0,140873183.0,36388211.0,129019151.0
141696547.0,140283313.0,140238312.0,143109495.0,129682712.0
143924771.0,145956274.0,143195629.0,123370876.0,40074522.0
140766757.0,143556024.0,143904237.0,142425485.0,125082908.0
143990307.0,145882562.0,140295664.0,141856148.0,139959585.0
143650343.0,135228870.0,146124273.0,143076757.0,142417191.0
143011370.0,142249415.0,140434936.0,143605151.0,143174966.0
139234868.0,140225992.0,146046461.0,139320741.0,143084869.0
129486390.0,124272075.0,139132417.0,127274410.0,142994759.0
73465399.0,140373453.0,143543811.0,140283313.0,142568777.0
142192185.0,142941646.0,124919300.0,145956274.0,142458186.0
137428540.0,126397901.0,142982660.0,143556024.0,142220621.0
141667907.0,142253523.0,143105546.0,145882562.0,131513678.0
145153605.0,143171031.0,143625748.0,135228870.0,143527253.0
140295750.0,139849178.0,131915291.0,142249415.0,141692250.0
143547974.0,125558235.0,145460767.0,140225992.0,143097181.0
143658577.0,140873183.0,47300128.0,124272075.0,141565282.0
20586081.0,140238312.0,145169953.0,140373453.0,143510883.0
142990945.0,143195629.0,141696547.0,142941646.0,142376292.0
143093348.0,143904237.0,143924771.0,126397901.0,145460580.0
145116772.0,146124273.0,140766757.0,142253523.0,145272173.0
127241840.0,140434936.0,143990307.0,143171031.0,142359918.0
140492400.0,146046461.0,143650343.0,141180376.0,143002990.0
143568496.0,139132417.0,143011370.0,139849178.0,141679986.0
56372851.0,143543811.0,139234868.0,125558235.0,143256947.0
141618809.0,124919300.0,129486390.0,140873183.0,36388211.0
132103803.0,142982660.0,73465399.0,140238312.0,143109495.0
138575503.0,143105546.0,137428540.0,143146474.0,123370876.0
140000912.0,145071634.0,141667907.0,143195629.0,142425485.0
67243671.0,143625748.0,145153605.0,143904237.0,141856148.0
136588951.0,131915291.0,143547974.0,140295664.0,143076757.0
142425753.0,145460767.0,143658577.0,146124273.0,143605151.0
142163607.0,47300128.0,139861588.0,140434936.0,139320741.0
139218587.0,145169953.0,20586081.0,146046461.0,127274410.0
119697052.0,141696547.0,142990945.0,139132417.0,140283313.0
143150749.0,143924771.0,140234340.0,143543811.0,145956274.0
145931928.0,140766757.0,143093348.0,124919300.0,143556024.0
143109792.0,143990307.0,145116772.0,142982660.0,145882562.0
140299939.0,143650343.0,136248940.0,143105546.0,135228870.0
47677099.0,143011370.0,127241840.0,145071634.0,142249415.0
143031981.0,129486390.0,140492400.0,143625748.0,140225992.0
143650482.0,73465399.0,143568496.0,131915291.0,124272075.0
87223990.0,142192185.0,56372851.0,145460767.0,142941646.0
138534583.0,137428540.0,141618809.0,47300128.0,126397901.0
139071168.0,141667907.0,132103803.0,141696547.0,142253523.0
142421697.0,145153605.0,138575503.0,140766757.0,143171031.0
143908546.0,140295750.0,140000912.0,143990307.0,141180376.0
122719937.0,143547974.0,67243671.0,143650343.0,139849178.0
139828932.0,143658577.0,136588951.0,143011370.0,125558235.0
140267205.0,139861588.0,142425753.0,139234868.0,140873183.0
136507076.0,20586081.0,139218587.0,129486390.0,140238312.0
142298828.0,142990945.0,119697052.0,73465399.0,143195629.0
38383313.0,140234340.0,143150749.0,142192185.0,143904237.0
142966481.0,143093348.0,145931928.0,141667907.0,140295664.0
142958296.0,145116772.0,143109792.0,145153605.0,146124273.0
142352094.0,136248940.0,140299939.0,140295750.0,140434936.0
140267237.0,127241840.0,47677099.0,143547974.0,146046461.0
26959595.0,140492400.0,143031981.0,143658577.0,139132417.0
129048303.0,143568496.0,143650482.0,20586081.0,143543811.0
141680368.0,56372851.0,87223990.0,142990945.0,124919300.0
84643574.0,141618809.0,138534583.0,140234340.0,142982660.0
137846518.0,132103803.0,139071168.0,135188068.0,143105546.0
145915647.0,138575503.0,142421697.0,143093348.0,145071634.0
141684480.0,140000912.0,143908546.0,145116772.0,143625748.0
140328705.0,67243671.0,122719937.0,136248940.0,131915291.0
90840843.0,136588951.0,139828932.0,127241840.0,145460767.0
145927950.0,142425753.0,140267205.0,140492400.0,47300128.0
142966548.0,142163607.0,136507076.0,143568496.0,145169953.0
146042650.0,139218587.0,142298828.0,56372851.0,141696547.0
143617821.0,119697052.0,38383313.0,141618809.0,143924771.0
78520100.0,143150749.0,142966481.0,132103803.0,140766757.0
145088296.0,145931928.0,142352094.0,138575503.0,143990307.0
143281960.0,143109792.0,140267237.0,140000912.0,143650343.0
145276715.0,140299939.0,134573802.0,67243671.0,143011370.0
146022194.0,47677099.0,26959595.0,136588951.0,139234868.0
143060804.0,143031981.0,129048303.0,142425753.0,129486390.0
143060807.0,143650482.0,141680368.0,142163607.0,73465399.0
132882249.0,87223990.0,84643574.0,139218587.0,142192185.0
142434122.0,138534583.0,137846518.0,119697052.0,137428540.0
24158027.0,139071168.0,145874680.0,143150749.0,141667907.0
145141582.0,142421697.0,145915647.0,145931928.0,145153605.0
130740046.0,143908546.0,141684480.0,143109792.0,140295750.0
139206487.0,122719937.0,140328705.0,140299939.0,143547974.0
145907543.0,139828932.0,139181830.0,47677099.0,143658577.0
139710300.0,140267205.0,90840843.0,143031981.0,139861588.0
143195998.0,136507076.0,145927950.0,143650482.0,20586081.0
68595555.0,142298828.0,142966548.0,87223990.0,142990945.0
140353390.0,142966481.0,146042650.0,138534583.0,140234340.0
129466228.0,142958296.0,143617821.0,139071168.0,135188068.0
143564669.0,142352094.0,78520100.0,142421697.0,143093348.0
121782151.0,140267237.0,145088296.0,143908546.0,145116772.0
138833801.0,134573802.0,145276715.0,122719937.0,136248940.0
139071373.0,26959595.0,146022194.0,139828932.0,127241840.0
146010003.0,129048303.0,143060804.0,140267205.0,140492400.0
143052695.0,141680368.0,143060807.0,136507076.0,143568496.0
143089561.0,84643574.0,132882249.0,142298828.0,56372851.0
142983068.0,137846518.0,142434122.0,38383313.0,141618809.0
127938461.0,145874680.0,24158027.0,142966481.0,132103803.0
145149852.0,145915647.0,130740046.0,142958296.0,138575503.0
145362866.0,141684480.0,139206487.0,142352094.0,140000912.0
143540150.0,140328705.0,145907543.0,140267237.0,67243671.0
143908791.0,139181830.0,139710300.0,134573802.0,136588951.0
54599612.0,90840843.0,143195998.0,26959595.0,142425753.0
143155135.0,145927950.0,68595555.0,129048303.0,142163607.0
132022208.0,142966548.0,129466228.0,141680368.0,139218587.0
145985474.0,146042650.0,143564669.0,137846518.0,119697052.0
141778894.0,143617821.0,121782151.0,145874680.0,143150749.0
142991310.0,145088296.0,138833801.0,145915647.0,145931928.0
145264595.0,143281960.0,139071373.0,141684480.0,143109792.0
137936853.0,145276715.0,146010003.0,140328705.0,140299939.0
143126499.0,146022194.0,143052695.0,139181830.0,47677099.0
130953188.0,143060804.0,143089561.0,90840843.0,143031981.0
107347944.0,143060807.0,142983068.0,145927950.0,143650482.0
144261103.0,132882249.0,127938461.0,142966548.0,87223990.0
145948661.0,142434122.0,145149852.0,146042650.0,138534583.0
145891318.0,24158027.0,145362866.0,143617821.0,139071168.0
145190903.0,145141582.0,143540150.0,145088296.0,142421697.0
145551359.0,130740046.0,143908791.0,143281960.0,143908546.0
,139206487.0,138665913.0,145276715.0,122719937.0
,145907543.0,143155135.0,146022194.0,139828932.0
,139710300.0,132022208.0,143060804.0,140267205.0
,143195998.0,145985474.0,143060807.0,136507076.0
,68595555.0,141778894.0,132882249.0,142298828.0
,140353390.0,142991310.0,142434122.0,38383313.0
,129466228.0,145264595.0,24158027.0,142966481.0
,143564669.0,137936853.0,145141582.0,142352094.0
,121782151.0,143126499.0,130740046.0,140267237.0
,138833801.0,130953188.0,139206487.0,134573802.0
,139071373.0,107347944.0,145907543.0,26959595.0
,146010003.0,144261103.0,139710300.0,129048303.0
,143052695.0,145948661.0,143195998.0,141680368.0
,143089561.0,145891318.0,140353390.0,84643574.0
,142983068.0,145190903.0,129466228.0,137846518.0
,127938461.0,120647673.0,143564669.0,145874680.0
,145149852.0,,138833801.0,145915647.0
,145362866.0,,139071373.0,141684480.0
,143540150.0,,146010003.0,140328705.0
,143908791.0,,143052695.0,139181830.0
,138665913.0,,143089561.0,90840843.0
,54599612.0,,142983068.0,145927950.0
,143155135.0,,127938461.0,142966548.0
,132022208.0,,145149852.0,146042650.0
,145985474.0,,145362866.0,143617821.0
,141778894.0,,143540150.0,78520100.0
,142991310.0,,143908791.0,145088296.0
,145264595.0,,138665913.0,143281960.0
,137936853.0,,54599612.0,145276715.0
,143126499.0,,143155135.0,146022194.0
,107347944.0,,132022208.0,143060804.0
,144261103.0,,145985474.0,143060807.0
,145948661.0,,141778894.0,132882249.0
,145891318.0,,142991310.0,142434122.0
,145190903.0,,145264595.0,24158027.0
,120647673.0,,143126499.0,145141582.0
,145551359.0,,130953188.0,130740046.0
,,,107347944.0,139206487.0
,,,144261103.0,145907543.0
,,,145948661.0,139710300.0
,,,145891318.0,143195998.0
,,,145190903.0,68595555.0
,,,120647673.0,140353390.0
,,,145551359.0,129466228.0
,,,,143564669.0
,,,,121782151.0
,,,,138833801.0
,,,,139071373.0
,,,,146010003.0
,,,,143052695.0
,,,,143089561.0
,,,,142983068.0
,,,,127938461.0
,,,,145149852.0
,,,,145362866.0
,,,,143540150.0
,,,,143908791.0
,,,,138665913.0
,,,,54599612.0
,,,,143155135.0
,,,,132022208.0
,,,,145985474.0
,,,,141778894.0
,,,,142991310.0
,,,,145264595.0
,,,,137936853.0
,,,,143126499.0
,,,,107347944.0
,,,,144261103.0
,,,,145948661.0
,,,,145891318.0
,,,,145190903.0
,,,,120647673.0
,,,,145551359.0
